,,,,,,,Playing Time,Playing Time,Playing Time,Playing Time,Performance,Performance,Performance,Performance,Performance,Performance,Performance,Performance,Expected,Expected,Expected,Expected,Progression,Progression,Progression,Per 90 Minutes,Per 90 Minutes,Per 90 Minutes,Per 90 Minutes,Per 90 Minutes,Per 90 Minutes,Per 90 Minutes,Per 90 Minutes,Per 90 Minutes,Per 90 Minutes,,-additional
Rk,Player,Nation,Pos,Squad,Age,Born,MP,Starts,Min,90s,Gls,Ast,G+A,G-PK,PK,PKatt,CrdY,CrdR,xG,npxG,xAG,npxG+xAG,PrgC,PrgP,PrgR,Gls,Ast,G+A,G-PK,G+A-PK,xG,xAG,xG+xAG,npxG,npxG+xAG,Matches,-9999
1,Paxten Aaronson,us USA,MFDF,Eint Frankfurt,19-255,2003,5,0,135,1.5,0,0,0,0,0,0,0,0,0.2,0.2,0.0,0.2,6,6,10,0.00,0.00,0.00,0.00,0.00,0.11,0.03,0.14,0.11,0.14,Matches,4cd41883
2,Sargis Adamyan,am ARM,FWMF,Köln,29-350,1993,24,4,644,7.2,1,2,3,1,0,0,3,0,3.4,3.4,0.8,4.1,12,24,58,0.14,0.28,0.42,0.14,0.42,0.47,0.11,0.58,0.47,0.58,Matches,22919e97
3,Karim Adeyemi,de GER,FWMF,Dortmund,21-110,2002,21,17,1186,13.2,6,5,11,6,0,1,8,0,4.7,3.9,3.6,7.6,42,45,118,0.46,0.38,0.83,0.46,0.83,0.36,0.27,0.63,0.30,0.57,Matches,501055d8
4,Amine Adli,fr FRA,FWMF,Leverkusen,22-363,2000,23,13,1276,14.2,4,3,7,4,0,0,2,1,4.4,4.4,1.6,6.0,42,49,121,0.28,0.21,0.49,0.28,0.49,0.31,0.11,0.43,0.31,0.43,Matches,dcfb17f4
5,Felix Agu,de GER,DFFW,Werder Bremen,23-223,1999,3,0,49,0.5,0,0,0,0,0,0,0,0,0.0,0.0,0.1,0.1,0,2,2,0.00,0.00,0.00,0.00,0.00,0.07,0.14,0.22,0.07,0.22,Matches,cb6d81b3
6,Naouirou Ahamada,fr FRA,MF,Stuttgart,21-040,2002,17,17,1398,15.5,2,2,4,2,0,0,4,1,0.8,0.8,1.2,2.1,43,56,54,0.13,0.13,0.26,0.13,0.26,0.05,0.08,0.13,0.05,0.13,Matches,a6c58494
7,Ludovic Ajorque,fr FRA,FWMF,Mainz 05,29-072,1994,15,14,1112,12.4,6,1,7,6,0,0,4,0,4.4,4.4,1.7,6.1,4,28,81,0.49,0.08,0.57,0.49,0.57,0.36,0.14,0.50,0.36,0.50,Matches,462475ed
8,Kevin Akpoguma,ng NGA,DF,Hoffenheim,28-019,1995,26,19,1791,19.9,0,0,0,0,0,0,10,0,0.6,0.6,0.5,1.2,16,79,23,0.00,0.00,0.00,0.00,0.00,0.03,0.03,0.06,0.03,0.06,Matches,6ec6fde0
9,Lucas Alario,ar ARG,FWMF,Eint Frankfurt,30-212,1992,20,2,331,3.7,1,0,1,1,0,0,0,0,1.4,1.4,0.0,1.5,2,8,17,0.27,0.00,0.27,0.27,0.27,0.39,0.01,0.40,0.39,0.40,Matches,834d0be5
10,Faride Alidou,de GER,DFMF,Eint Frankfurt,21-294,2001,15,0,182,2.0,0,1,1,0,0,0,0,0,0.1,0.1,0.5,0.6,8,16,24,0.00,0.49,0.49,0.00,0.49,0.05,0.24,0.28,0.05,0.28,Matches,00f518d8
11,Éder Álvarez Balanta,co COL,MFFW,Schalke 04,30-069,1993,6,3,238,2.6,0,0,0,0,0,0,3,0,0.1,0.1,0.3,0.4,3,12,0,0.00,0.00,0.00,0.00,0.00,0.05,0.10,0.15,0.05,0.15,Matches,8ce30c57
12,Lukáš Ambros,cz CZE,MF,Wolfsburg,18-337,2004,1,0,17,0.2,0,0,0,0,0,0,0,0,0.0,0.0,0.0,0.0,0,0,0,0.00,0.00,0.00,0.00,0.00,0.00,0.00,0.00,0.00,0.00,Matches,cd682b6b
13,Nadiem Amiri,de GER,MFFW,Leverkusen,26-193,1996,22,8,877,9.7,4,1,5,3,1,1,5,0,1.7,0.9,1.0,1.9,26,52,26,0.41,0.10,0.51,0.31,0.41,0.17,0.10,0.28,0.09,0.20,Matches,555d5edd
14,Robert Andrich,de GER,MF,Leverkusen,28-228,1994,29,28,2406,26.7,2,2,4,2,0,0,7,0,1.6,1.6,1.2,2.8,12,99,8,0.07,0.07,0.15,0.07,0.15,0.06,0.04,0.11,0.06,0.11,Matches,e0b113a7
15,Angeliño,es ESP,DF,Hoffenheim,26-124,1997,30,27,2365,26.3,0,7,7,0,0,0,2,0,1.1,1.1,6.7,7.8,22,102,113,0.00,0.27,0.27,0.00,0.27,0.04,0.25,0.30,0.04,0.30,Matches,30941e96
16,Waldemar Anton,de GER,DF,Stuttgart,26-292,1996,31,31,2664,29.6,1,2,3,1,0,0,3,0,1.6,1.6,1.4,3.0,51,125,49,0.03,0.07,0.10,0.03,0.10,0.05,0.05,0.10,0.05,0.10,Matches,5e66fa06
17,Christopher Antwi-Adjei,gh GHA,FWMF,Bochum,29-090,1994,26,19,1726,19.2,2,6,8,2,0,0,2,0,2.1,2.1,3.5,5.7,55,28,192,0.10,0.31,0.42,0.10,0.42,0.11,0.18,0.30,0.11,0.30,Matches,0a3f6cde
18,Charles Aránguiz,cl CHI,MF,Leverkusen,34-021,1989,10,4,493,5.5,1,0,1,1,0,0,1,0,0.3,0.3,0.2,0.5,3,32,7,0.18,0.00,0.18,0.18,0.18,0.06,0.04,0.10,0.06,0.10,Matches,56413b1f
19,Maximilian Arnold,de GER,MF,Wolfsburg,28-346,1994,29,29,2506,27.8,5,3,8,2,3,5,5,0,4.9,0.9,4.8,5.8,27,132,17,0.18,0.11,0.29,0.07,0.18,0.17,0.17,0.35,0.03,0.21,Matches,86e119e0
20,Takuma Asano,jp JPN,FWMF,Bochum,28-179,1994,22,18,1477,16.4,2,2,4,2,0,0,1,0,4.6,4.6,1.5,6.1,28,28,99,0.12,0.12,0.24,0.12,0.24,0.28,0.09,0.37,0.28,0.37,Matches,13ddc856
21,Fisnik Asllani,xk KVX,FW,Hoffenheim,20-273,2002,8,0,167,1.9,0,0,0,0,0,0,0,0,1.7,1.7,0.2,1.8,4,1,19,0.00,0.00,0.00,0.00,0.00,0.88,0.10,0.98,0.88,0.98,Matches,35f67a30
22,Mehmet Aydin,de GER,DFFW,Schalke 04,21-088,2002,16,3,567,6.3,0,0,0,0,0,0,0,0,0.2,0.2,0.8,1.0,9,15,21,0.00,0.00,0.00,0.00,0.00,0.03,0.12,0.15,0.03,0.15,Matches,fe46e261
23,Ayman Azhil,ma MAR,MF,Leverkusen,22-028,2001,1,0,1,0.0,0,0,0,0,0,0,0,0,0.0,0.0,0.0,0.0,0,0,0,0.00,0.00,0.00,0.00,0.00,0.00,0.00,0.00,0.00,0.00,Matches,ce81d82d
24,Sardar Azmoun,ir IRN,FWMF,Leverkusen,28-127,1995,20,6,726,8.1,4,1,5,4,0,0,1,0,3.1,3.1,2.4,5.6,9,28,40,0.50,0.12,0.62,0.50,0.62,0.39,0.30,0.69,0.39,0.69,Matches,10549b49
25,Sanoussy Ba,de GER,DF,RB Leipzig,19-123,2004,1,0,1,0.0,0,0,0,0,0,0,0,0,0.0,0.0,0.0,0.0,0,0,0,0.00,0.00,0.00,0.00,0.00,0.00,0.00,0.00,0.00,0.00,Matches,f582d5c1
26,Mitchel Bakker,nl NED,DFMF,Leverkusen,22-322,2000,25,16,1420,15.8,3,2,5,3,0,0,4,1,1.5,1.5,2.0,3.4,24,50,59,0.19,0.13,0.32,0.19,0.32,0.09,0.12,0.22,0.09,0.22,Matches,a8567629
27,Ridle Baku,de GER,DFFW,Wolfsburg,25-030,1998,30,26,2311,25.7,5,2,7,5,0,0,5,0,2.8,2.8,3.7,6.5,44,118,137,0.19,0.08,0.27,0.19,0.27,0.11,0.15,0.25,0.11,0.25,Matches,442b56fa
28,Aymen Barkok,ma MAR,MF,Mainz 05,24-352,1998,20,2,482,5.4,0,1,1,0,0,0,1,0,0.5,0.5,0.5,1.0,13,32,27,0.00,0.19,0.19,0.00,0.19,0.09,0.09,0.18,0.09,0.18,Matches,a2a85828
29,Leandro Barreiro Martins,lu LUX,MF,Mainz 05,23-125,2000,29,23,1961,21.8,4,3,7,4,0,0,5,0,3.6,3.6,2.1,5.7,15,52,44,0.18,0.14,0.32,0.18,0.32,0.17,0.09,0.26,0.17,0.26,Matches,00242b75
30,Gil Bastião Dias,pt POR,FW,Stuttgart,26-222,1996,7,6,398,4.4,1,0,1,1,0,0,0,0,0.5,0.5,0.7,1.2,16,14,33,0.23,0.00,0.23,0.23,0.23,0.12,0.15,0.26,0.12,0.26,Matches,e61bdd69
31,Maximilian Bauer,de GER,DF,Augsburg,23-088,2000,24,19,1683,18.7,0,1,1,0,0,0,7,0,1.6,1.6,0.4,2.0,11,37,2,0.00,0.05,0.05,0.00,0.05,0.09,0.02,0.11,0.09,0.11,Matches,44a20f0c
32,Oliver Baumann,de GER,GK,Hoffenheim,32-340,1990,31,31,2790,31.0,0,0,0,0,0,0,2,0,0.0,0.0,0.0,0.0,0,1,0,0.00,0.00,0.00,0.00,0.00,0.00,0.00,0.00,0.00,0.00,Matches,47064058
33,Timo Baumgartl,de GER,DF,Union Berlin,27-065,1996,7,6,517,5.7,0,0,0,0,0,0,1,0,0.2,0.2,0.1,0.3,3,22,2,0.00,0.00,0.00,0.00,0.00,0.03,0.01,0.04,0.03,0.04,Matches,bd7d2e6d
34,Julian Baumgartlinger,at AUT,MF,Augsburg,35-126,1988,16,3,554,6.2,0,0,0,0,0,0,1,0,0.3,0.3,0.1,0.4,1,25,3,0.00,0.00,0.00,0.00,0.00,0.04,0.02,0.06,0.04,0.06,Matches,69374ff5
35,Christoph Baumgartner,at AUT,MFFW,Hoffenheim,23-280,1999,30,30,2357,26.2,7,3,10,7,0,0,7,0,6.8,6.8,4.2,11.0,71,93,138,0.27,0.11,0.38,0.27,0.38,0.26,0.16,0.42,0.26,0.42,Matches,437f2b00
36,Noah Joel Sarenren Bazee,ng NGA,MFFW,Augsburg,26-260,1996,2,0,20,0.2,0,0,0,0,0,0,0,0,0.0,0.0,0.1,0.1,0,0,1,0.00,0.00,0.00,0.00,0.00,0.00,0.27,0.27,0.00,0.27,Matches,fbbc8e15
37,Ihlas Bebou,tg TOG,FWDF,Hoffenheim,29-015,1994,16,14,1152,12.8,5,0,5,4,1,1,1,0,4.0,3.2,0.8,4.0,23,18,98,0.39,0.00,0.39,0.31,0.31,0.31,0.06,0.37,0.25,0.31,Matches,a53b661f
38,Sheraldo Becker,sr SUR,FW,Union Berlin,28-088,1995,31,30,2289,25.4,9,5,14,9,0,0,2,0,4.8,4.8,4.7,9.5,90,38,203,0.35,0.20,0.55,0.35,0.55,0.19,0.18,0.37,0.19,0.37,Matches,8eb55dbb
39,Kevin Behrens,de GER,FW,Union Berlin,32-094,1991,30,14,1305,14.5,7,1,8,7,0,0,5,0,4.3,4.3,1.2,5.5,10,57,73,0.48,0.07,0.55,0.48,0.55,0.29,0.08,0.38,0.29,0.38,Matches,30ae134d
40,Stefan Bell,de GER,DF,Mainz 05,31-257,1991,27,23,2130,23.7,0,1,1,0,0,0,7,0,0.7,0.7,0.6,1.2,9,85,8,0.00,0.04,0.04,0.00,0.04,0.03,0.02,0.05,0.03,0.05,Matches,857a5abe
41,Karim Bellarabi,de GER,FWMF,Leverkusen,33-030,1990,8,1,85,0.9,0,0,0,0,0,0,0,0,0.0,0.0,0.0,0.0,4,4,11,0.00,0.00,0.00,0.00,0.00,0.00,0.00,0.00,0.00,0.00,Matches,bee0bab1
42,Jude Bellingham,eng ENG,MF,Dortmund,19-313,2003,30,29,2601,28.9,7,4,11,7,0,0,8,0,7.0,7.0,3.9,11.0,91,242,134,0.24,0.14,0.38,0.24,0.38,0.24,0.14,0.38,0.24,0.38,Matches,57d88cf9
43,Ramy Bensebaini,dz ALG,DF,M'Gladbach,28-022,1995,26,26,2301,25.6,5,1,6,4,1,1,6,1,4.3,3.5,2.3,5.8,36,97,89,0.20,0.04,0.23,0.16,0.20,0.17,0.09,0.26,0.14,0.23,Matches,378825c7
44,Mergim Berisha,de GER,FW,Augsburg,24-362,1998,21,19,1583,17.6,9,4,13,6,3,4,9,1,7.8,4.7,2.7,7.3,19,26,96,0.51,0.23,0.74,0.34,0.57,0.44,0.15,0.59,0.26,0.42,Matches,eb6e14be
45,Ermin Bičakčić,ba BIH,DF,Hoffenheim,33-104,1990,7,0,211,2.3,0,0,0,0,0,0,0,0,0.1,0.1,0.0,0.1,0,7,3,0.00,0.00,0.00,0.00,0.00,0.05,0.00,0.05,0.05,0.05,Matches,7aac47fe
46,Tom Bischof,de GER,MFFW,Hoffenheim,17-314,2005,10,3,309,3.4,0,0,0,0,0,0,0,0,1.0,1.0,0.7,1.8,8,16,11,0.00,0.00,0.00,0.00,0.00,0.29,0.22,0.51,0.29,0.51,Matches,07d3bfec
47,Leonardo Bittencourt,de GER,MFDF,Werder Bremen,29-140,1993,22,19,1418,15.8,2,2,4,2,0,0,7,0,1.1,1.1,2.5,3.6,48,63,80,0.13,0.13,0.25,0.13,0.25,0.07,0.16,0.23,0.07,0.23,Matches,dc62fbee
48,Janis Blaswich,de GER,GK,RB Leipzig,32-006,1991,24,24,2160,24.0,0,0,0,0,0,0,0,0,0.0,0.0,0.0,0.0,0,1,0,0.00,0.00,0.00,0.00,0.00,0.00,0.00,0.00,0.00,0.00,Matches,663e080e
49,Daley Blind,nl NED,DFMF,Bayern Munich,33-060,1990,4,1,134,1.5,0,0,0,0,0,0,0,0,0.1,0.1,0.1,0.1,0,10,0,0.00,0.00,0.00,0.00,0.00,0.04,0.04,0.08,0.04,0.08,Matches,691bef82
50,Kevin-Prince Boateng,gh GHA,MF,Hertha BSC,36-063,1987,15,4,404,4.5,0,0,0,0,0,0,3,0,0.3,0.3,0.2,0.5,2,22,20,0.00,0.00,0.00,0.00,0.00,0.08,0.04,0.11,0.08,0.11,Matches,f4ec4fd0
51,Jean-Paul Boëtius,nl NED,MF,Hertha BSC,29-047,1994,19,9,933,10.4,0,0,0,0,0,0,2,0,0.5,0.5,0.7,1.2,3,48,23,0.00,0.00,0.00,0.00,0.00,0.05,0.07,0.12,0.05,0.12,Matches,635f2732
52,Yvandro Borges Sanches,lu LUX,FWMF,M'Gladbach,18-349,2004,3,0,28,0.3,0,0,0,0,0,0,0,0,0.1,0.1,0.0,0.1,1,0,5,0.00,0.00,0.00,0.00,0.00,0.34,0.00,0.34,0.34,0.34,Matches,36578017
53,Sebastiaan Bornauw,be BEL,DF,Wolfsburg,24-047,1999,23,20,1658,18.4,1,0,1,1,0,0,7,0,0.3,0.3,0.1,0.4,4,62,6,0.05,0.00,0.05,0.05,0.05,0.02,0.01,0.02,0.02,0.02,Matches,01834aa0
54,Rafael Borré,co COL,MFFW,Eint Frankfurt,27-235,1995,30,10,1051,11.7,2,2,4,1,1,1,5,0,4.1,3.3,1.9,5.1,24,32,97,0.17,0.17,0.34,0.09,0.26,0.35,0.16,0.51,0.28,0.44,Matches,c68da769
55,Julian Brandt,de GER,MFFW,Dortmund,27-006,1996,29,26,2179,24.2,8,8,16,8,0,0,2,0,4.1,4.1,8.8,12.9,52,103,187,0.33,0.33,0.66,0.33,0.66,0.17,0.36,0.53,0.17,0.53,Matches,a167537f
56,Fabian Bredlow,de GER,GK,Stuttgart,28-067,1995,12,12,1080,12.0,0,0,0,0,0,0,1,0,0.0,0.0,0.0,0.0,0,0,0,0.00,0.00,0.00,0.00,0.00,0.00,0.00,0.00,0.00,0.00,Matches,d28339cb
57,Josip Brekalo,hr CRO,MFFW,Wolfsburg,24-319,1998,6,3,271,3.0,0,1,1,0,0,0,0,0,0.1,0.1,0.4,0.5,9,13,17,0.00,0.33,0.33,0.00,0.33,0.03,0.14,0.17,0.03,0.17,Matches,d4a2533d
58,John Brooks,us USA,DF,Hoffenheim,30-100,1993,12,12,1080,12.0,0,0,0,0,0,0,4,0,0.1,0.1,0.0,0.1,2,36,1,0.00,0.00,0.00,0.00,0.00,0.01,0.00,0.01,0.01,0.01,Matches,e27da244
59,Moritz Broschinski,de GER,FWMF,Bochum,22-227,2000,9,0,186,2.1,2,0,2,2,0,0,1,0,1.2,1.2,0.0,1.2,6,2,14,0.97,0.00,0.97,0.97,0.97,0.56,0.02,0.58,0.56,0.58,Matches,bbd79358
60,Cédric Brunner,ch SUI,DF,Schalke 04,29-080,1994,25,25,2090,23.2,0,0,0,0,0,0,3,0,0.2,0.2,1.4,1.6,27,71,20,0.00,0.00,0.00,0.00,0.00,0.01,0.06,0.07,0.01,0.07,Matches,f0a37d36
61,Jacob Bruun Larsen,dk DEN,FW,Hoffenheim,24-231,1998,11,3,294,3.3,1,0,1,1,0,0,0,0,1.2,1.2,0.3,1.5,9,4,23,0.31,0.00,0.31,0.31,0.31,0.38,0.10,0.47,0.38,0.47,Matches,4e204552
62,Lee Buchanan,eng ENG,DFFW,Werder Bremen,22-062,2001,19,1,382,4.2,1,0,1,1,0,0,1,0,0.3,0.3,0.5,0.8,10,21,19,0.24,0.00,0.24,0.24,0.24,0.07,0.13,0.20,0.07,0.20,Matches,45e95f21
63,Marius Bülter,de GER,FWMF,Schalke 04,30-040,1993,31,28,2445,27.2,11,1,12,7,4,4,4,0,8.6,5.7,4.3,10.0,70,78,187,0.40,0.04,0.44,0.26,0.29,0.32,0.16,0.48,0.21,0.37,Matches,ab5b7dc1
64,Delano Burgzorg,nl NED,FWMF,Mainz 05,24-182,1998,12,0,213,2.4,0,1,1,0,0,0,2,0,0.2,0.2,0.1,0.2,1,3,21,0.00,0.42,0.42,0.00,0.42,0.06,0.02,0.09,0.06,0.09,Matches,05e2d5ea
65,Jonathan Burkardt,de GER,MFFW,Mainz 05,22-301,2000,11,7,533,5.9,1,2,3,1,0,1,2,0,3.0,2.2,1.1,3.3,9,14,46,0.17,0.34,0.51,0.17,0.51,0.50,0.18,0.68,0.37,0.55,Matches,05f99a4a
66,Oliver Burke,sct SCO,FWMF,Werder Bremen,26-031,1997,15,1,268,3.0,2,0,2,2,0,0,0,0,1.0,1.0,0.3,1.3,11,7,36,0.67,0.00,0.67,0.67,0.67,0.35,0.09,0.44,0.35,0.44,Matches,f631c17f
67,Aurélio Buta,pt POR,DF,Eint Frankfurt,26-087,1997,15,12,1073,11.9,2,2,4,2,0,0,1,0,0.5,0.5,2.5,3.0,37,42,98,0.17,0.17,0.34,0.17,0.34,0.04,0.21,0.25,0.04,0.25,Matches,b4705807
68,Jamie Bynoe-Gittens,eng ENG,FWMF,Dortmund,18-273,2004,15,4,533,5.9,3,1,4,3,0,0,1,0,2.4,2.4,0.7,3.1,24,9,38,0.51,0.17,0.68,0.51,0.68,0.41,0.12,0.53,0.41,0.53,Matches,10745192
69,Anthony Caci,fr FRA,DF,Mainz 05,25-311,1997,28,21,1832,20.4,2,1,3,2,0,0,4,0,0.6,0.6,2.1,2.8,18,81,41,0.10,0.05,0.15,0.10,0.15,0.03,0.10,0.14,0.03,0.14,Matches,0118c54c
70,Kerim Calhanoglu,de GER,DF,Schalke 04,20-255,2002,3,0,63,0.7,0,0,0,0,0,0,0,0,0.0,0.0,0.2,0.2,3,3,3,0.00,0.00,0.00,0.00,0.00,0.04,0.23,0.27,0.04,0.27,Matches,d1db4b83
71,Daniel Caligiuri,it ITA,DFMF,Augsburg,35-113,1988,13,2,290,3.2,1,0,1,1,0,0,1,0,0.4,0.4,0.4,0.8,7,16,8,0.31,0.00,0.31,0.31,0.31,0.12,0.12,0.24,0.12,0.24,Matches,d1273f09
72,Emre Can,de GER,MF,Dortmund,29-116,1994,24,17,1630,18.1,2,1,3,1,1,1,7,0,1.3,0.5,0.7,1.2,23,75,9,0.11,0.06,0.17,0.06,0.11,0.07,0.04,0.11,0.03,0.06,Matches,a65ce836
73,João Cancelo,pt POR,DFFW,Bayern Munich,28-346,1994,12,9,808,9.0,1,3,4,1,0,0,3,0,0.7,0.7,1.8,2.4,42,54,75,0.11,0.33,0.45,0.11,0.45,0.07,0.20,0.27,0.07,0.27,Matches,bd6351cd
74,Irvin Cardona,fr FRA,MFFW,Augsburg,25-273,1997,8,0,266,3.0,1,0,1,1,0,0,2,0,1.7,1.7,0.1,1.8,9,3,13,0.34,0.00,0.34,0.34,0.34,0.58,0.03,0.61,0.58,0.61,Matches,5e080f73
75,Koen Casteels,be BEL,GK,Wolfsburg,30-317,1992,31,31,2790,31.0,0,1,1,0,0,0,0,0,0.0,0.0,0.0,0.0,0,2,0,0.00,0.03,0.03,0.00,0.03,0.00,0.00,0.00,0.00,0.00,Matches,db401046
76,Julian Chabot,de GER,DF,Köln,25-085,1998,18,18,1533,17.0,0,2,2,0,0,0,3,0,1.3,1.3,1.6,2.8,3,42,2,0.00,0.12,0.12,0.00,0.12,0.07,0.09,0.17,0.07,0.17,Matches,ae7058f9
77,Timothy Chandler,us USA,DF,Eint Frankfurt,33-040,1990,5,0,80,0.9,0,0,0,0,0,0,0,0,0.0,0.0,0.0,0.0,2,7,6,0.00,0.00,0.00,0.00,0.00,0.00,0.02,0.02,0.00,0.02,Matches,b3b7f5a6
78,Fabio Chiarodia,it ITA,DF,Werder Bremen,17-337,2005,3,1,66,0.7,0,0,0,0,0,0,0,0,0.0,0.0,0.0,0.0,0,4,0,0.00,0.00,0.00,0.00,0.00,0.00,0.00,0.00,0.00,0.00,Matches,48780156
79,Oliver Christensen,dk DEN,GK,Hertha BSC,24-047,1999,31,31,2790,31.0,0,0,0,0,0,0,2,0,0.0,0.0,0.0,0.0,0,2,0,0.00,0.00,0.00,0.00,0.00,0.00,0.00,0.00,0.00,0.00,Matches,af104654
80,Darko Churlinov,mk MKD,FW,Stuttgart,22-301,2000,1,0,27,0.3,0,0,0,0,0,0,0,0,0.0,0.0,0.0,0.0,0,0,0,0.00,0.00,0.00,0.00,0.00,0.00,0.00,0.00,0.00,0.00,Matches,c6608135
81,Tolga Ciğerci,tr TUR,MF,Hertha BSC,31-046,1992,11,10,672,7.5,0,1,1,0,0,0,2,0,0.2,0.2,0.3,0.5,3,32,2,0.00,0.13,0.13,0.00,0.13,0.03,0.04,0.07,0.03,0.07,Matches,6e17c802
82,David Čolina,hr CRO,DFFW,Augsburg,22-293,2000,5,0,112,1.2,1,0,1,1,0,0,0,0,0.4,0.4,0.1,0.6,1,3,6,0.80,0.00,0.80,0.80,0.80,0.35,0.10,0.46,0.35,0.46,Matches,dd5bbe0d
83,Kingsley Coman,fr FRA,FWMF,Bayern Munich,26-329,1996,21,13,1200,13.3,7,5,12,7,0,0,2,1,4.0,4.0,4.8,8.8,86,59,258,0.52,0.37,0.90,0.52,0.90,0.30,0.36,0.66,0.30,0.66,Matches,042e8a49
84,Danny da Costa,de GER,DF,Mainz 05,29-299,1993,21,12,1056,11.7,0,2,2,0,0,0,0,0,0.2,0.2,1.0,1.1,30,54,70,0.00,0.17,0.17,0.00,0.17,0.01,0.08,0.10,0.01,0.10,Matches,5ddb8f9f
85,Soumaïla Coulibaly,fr FRA,DF,Dortmund,19-206,2003,1,0,45,0.5,0,0,0,0,0,0,0,0,0.0,0.0,0.0,0.0,0,6,0,0.00,0.00,0.00,0.00,0.00,0.00,0.00,0.00,0.00,0.00,Matches,9dff291c
86,Tanguy Coulibaly,fr FRA,FWDF,Stuttgart,22-079,2001,11,0,307,3.4,3,0,3,2,1,1,2,0,1.3,0.5,0.4,0.9,13,11,32,0.88,0.00,0.88,0.59,0.59,0.39,0.11,0.49,0.16,0.26,Matches,05ba9d7c
87,Nicolas Cozza,fr FRA,DF,Wolfsburg,24-120,1999,4,0,99,1.1,0,0,0,0,0,0,0,0,0.0,0.0,0.0,0.0,2,4,1,0.00,0.00,0.00,0.00,0.00,0.00,0.00,0.00,0.00,0.00,Matches,8f325097
88,Moanes Dabbur,il ISR,FWMF,Hoffenheim,30-359,1992,19,7,846,9.4,5,1,6,5,0,0,2,1,2.9,2.9,1.2,4.1,7,33,56,0.53,0.11,0.64,0.53,0.64,0.30,0.13,0.43,0.30,0.43,Matches,eac044ad
89,Finn Dahmen,de GER,GK,Mainz 05,25-042,1998,6,6,540,6.0,0,0,0,0,0,0,0,0,0.0,0.0,0.0,0.0,0,0,0,0.00,0.00,0.00,0.00,0.00,0.00,0.00,0.00,0.00,0.00,Matches,dee3013b
90,Mahmoud Dahoud,de GER,MF,Dortmund,27-127,1996,9,4,337,3.7,0,0,0,0,0,0,1,0,0.4,0.4,0.5,0.9,5,25,4,0.00,0.00,0.00,0.00,0.00,0.12,0.13,0.24,0.12,0.24,Matches,db4ed67b
91,Muhammed Damar,de GER,MF,Hoffenheim,19-029,2004,6,1,159,1.8,0,0,0,0,0,0,0,0,0.1,0.1,0.2,0.3,2,9,7,0.00,0.00,0.00,0.00,0.00,0.06,0.09,0.15,0.06,0.15,Matches,d3d77413
92,Márton Dárdai,de GER,DF,Hertha BSC,21-085,2002,15,9,797,8.9,1,0,1,1,0,0,1,0,0.1,0.1,0.2,0.2,2,20,0,0.11,0.00,0.11,0.11,0.11,0.01,0.02,0.03,0.01,0.03,Matches,41bff4fa
93,Vladimír Darida,cz CZE,MF,Hertha BSC,32-273,1990,3,0,31,0.3,0,0,0,0,0,0,0,0,0.0,0.0,0.0,0.0,1,0,1,0.00,0.00,0.00,0.00,0.00,0.00,0.00,0.00,0.00,0.00,Matches,3eb0f2df
94,Alphonso Davies,ca CAN,DF,Bayern Munich,22-187,2000,26,24,2042,22.7,1,4,5,1,0,0,0,0,1.7,1.7,3.7,5.4,117,133,158,0.04,0.18,0.22,0.04,0.22,0.07,0.16,0.24,0.07,0.24,Matches,d781d855
95,Thomas Delaney,dk DEN,MF,Hoffenheim,31-247,1991,6,4,298,3.3,0,0,0,0,0,0,0,0,0.1,0.1,0.0,0.1,0,14,3,0.00,0.00,0.00,0.00,0.00,0.03,0.01,0.04,0.03,0.04,Matches,fe641c1a
96,Kerem Demirbay,de GER,MF,Leverkusen,29-309,1993,23,15,1364,15.2,3,3,6,3,0,0,3,0,2.0,2.0,2.2,4.2,21,78,20,0.20,0.20,0.40,0.20,0.40,0.13,0.14,0.28,0.13,0.28,Matches,54b4dc4e
97,Ermedin Demirović,ba BIH,FWMF,Augsburg,25-044,1998,27,27,2103,23.4,8,4,12,7,1,1,6,1,6.6,5.8,3.3,9.1,23,43,114,0.34,0.17,0.51,0.30,0.47,0.28,0.14,0.42,0.25,0.39,Matches,ed79b7d3
98,Sepp van den Berg,nl NED,DF,Schalke 04,21-139,2001,6,5,426,4.7,1,0,1,1,0,0,2,0,0.6,0.6,0.0,0.6,1,8,0,0.21,0.00,0.21,0.21,0.21,0.12,0.01,0.13,0.12,0.13,Matches,7bf9400b
99,Moussa Diaby,fr FRA,FWMF,Leverkusen,23-305,1999,30,30,2437,27.1,9,8,17,9,0,1,3,0,10.3,9.5,8.0,17.5,117,94,238,0.33,0.30,0.63,0.33,0.63,0.38,0.30,0.68,0.35,0.65,Matches,aeed5c06
100,Abdou Diallo,sn SEN,DFMF,RB Leipzig,27-004,1996,7,5,474,5.3,1,0,1,1,0,0,2,0,0.4,0.4,0.1,0.5,11,23,2,0.19,0.00,0.19,0.19,0.19,0.07,0.02,0.09,0.07,0.09,Matches,fc62f087
101,Justin Diehl,de GER,MFFW,Köln,18-162,2004,2,0,17,0.2,0,0,0,0,0,0,0,0,0.0,0.0,0.0,0.0,0,0,1,0.00,0.00,0.00,0.00,0.00,0.00,0.00,0.00,0.00,0.00,Matches,d82a310a
102,Florian Dietz,de GER,FW,Köln,24-278,1998,11,4,395,4.4,1,0,1,1,0,0,1,0,2.5,2.5,0.3,2.8,8,5,22,0.23,0.00,0.23,0.23,0.23,0.57,0.07,0.64,0.57,0.64,Matches,8779ddf8
103,Junior Dina Ebimbe,fr FRA,DFMF,Eint Frankfurt,22-168,2000,16,10,1024,11.4,2,1,3,2,0,0,3,0,2.9,2.9,1.4,4.3,35,43,39,0.18,0.09,0.26,0.18,0.26,0.26,0.12,0.37,0.26,0.37,Matches,95bb6ddc
104,Eren Dinkçi,de GER,FWMF,Werder Bremen,21-146,2001,15,0,212,2.4,0,0,0,0,0,0,0,0,0.4,0.4,0.6,1.0,4,6,22,0.00,0.00,0.00,0.00,0.00,0.19,0.26,0.44,0.19,0.44,Matches,4ccd8957
105,Ritsu Doan,jp JPN,FWMF,Freiburg,24-326,1998,30,27,2175,24.2,5,4,9,5,0,0,3,0,6.5,6.5,2.8,9.4,72,58,159,0.21,0.17,0.37,0.21,0.37,0.27,0.12,0.39,0.27,0.39,Matches,d01bbb6f
106,Danilho Doekhi,nl NED,DF,Union Berlin,24-312,1998,22,22,1946,21.6,4,1,5,4,0,0,0,0,1.5,1.5,0.4,1.9,15,67,20,0.18,0.05,0.23,0.18,0.23,0.07,0.02,0.09,0.07,0.09,Matches,f67c9d29
107,Kasper Dolberg,dk DEN,FWMF,Hoffenheim,25-214,1997,12,4,384,4.3,1,0,1,1,0,0,0,0,0.5,0.5,0.4,0.9,4,4,19,0.23,0.00,0.23,0.23,0.23,0.12,0.10,0.22,0.12,0.22,Matches,cc83b74d
108,Niklas Dorsch,de GER,MF,Augsburg,25-113,1998,8,2,213,2.4,0,0,0,0,0,0,1,0,0.0,0.0,0.0,0.0,2,7,0,0.00,0.00,0.00,0.00,0.00,0.00,0.00,0.00,0.00,0.00,Matches,7f73bdf4
109,Dion Drena Beljo,hr CRO,FW,Augsburg,21-068,2002,15,13,932,10.4,3,0,3,3,0,0,1,0,1.3,1.3,0.9,2.2,11,15,37,0.29,0.00,0.29,0.29,0.29,0.13,0.09,0.21,0.13,0.21,Matches,9a2e3a23
110,Dominick Drexler,de GER,MFFW,Schalke 04,32-347,1990,24,15,1213,13.5,4,3,7,4,0,0,3,1,2.4,2.4,2.0,4.3,14,44,59,0.30,0.22,0.52,0.30,0.52,0.18,0.15,0.32,0.18,0.32,Matches,809940aa
111,Marvin Ducksch,de GER,FW,Werder Bremen,29-062,1994,31,31,2598,28.9,12,5,17,12,0,1,4,0,10.2,9.4,4.8,14.2,31,51,203,0.42,0.17,0.59,0.42,0.59,0.35,0.17,0.52,0.33,0.49,Matches,638a4d71
112,Ondrej Duda,sk SVK,MF,Köln,28-154,1994,13,9,689,7.7,0,0,0,0,0,0,4,0,0.7,0.7,0.7,1.4,12,40,33,0.00,0.00,0.00,0.00,0.00,0.10,0.09,0.18,0.10,0.18,Matches,79ca3e23
113,Maximilian Eggestein,de GER,MF,Freiburg,26-151,1996,29,25,2271,25.2,1,2,3,1,0,0,5,0,0.9,0.9,1.4,2.3,19,89,43,0.04,0.08,0.12,0.04,0.12,0.04,0.06,0.09,0.04,0.09,Matches,beb882a8
114,Lilian Egloff,de GER,MFFW,Stuttgart,20-261,2002,10,2,241,2.7,0,0,0,0,0,0,1,0,0.4,0.4,0.4,0.7,8,7,22,0.00,0.00,0.00,0.00,0.00,0.13,0.15,0.28,0.13,0.28,Matches,2f7fec15
115,Kingsley Ehizibue,nl NED,DF,Köln,27-348,1995,1,1,61,0.7,0,0,0,0,0,0,0,0,0.0,0.0,0.0,0.0,1,2,3,0.00,0.00,0.00,0.00,0.00,0.03,0.00,0.03,0.03,0.03,Matches,76b2817e
116,Chidera Ejuke,ng NGA,FWMF,Hertha BSC,25-126,1998,18,9,852,9.5,0,3,3,0,0,0,0,0,1.4,1.4,1.2,2.6,36,37,64,0.00,0.32,0.32,0.00,0.32,0.15,0.13,0.28,0.15,0.28,Matches,e7f3e8a7
117,Nico Elvedi,ch SUI,DF,M'Gladbach,26-220,1996,29,29,2565,28.5,3,0,3,3,0,0,2,0,2.5,2.5,0.3,2.9,19,74,4,0.11,0.00,0.11,0.11,0.11,0.09,0.01,0.10,0.09,0.10,Matches,48035304
118,Wataru Endo,jp JPN,MF,Stuttgart,30-088,1993,30,30,2652,29.5,4,2,6,4,0,0,2,0,3.5,3.5,3.9,7.4,26,151,57,0.14,0.07,0.20,0.14,0.20,0.12,0.13,0.25,0.12,0.25,Matches,c149016b
119,Arne Engels,be BEL,MF,Augsburg,19-242,2003,16,16,1269,14.1,0,3,3,0,0,0,5,0,0.5,0.5,2.1,2.5,6,52,19,0.00,0.21,0.21,0.00,0.21,0.03,0.15,0.18,0.03,0.18,Matches,554bcc91
120,Kimberly Ezekwem,de GER,DF,Freiburg,21-323,2001,1,0,8,0.1,0,0,0,0,0,0,0,0,0.0,0.0,0.0,0.0,0,0,2,0.00,0.00,0.00,0.00,0.00,0.00,0.00,0.00,0.00,0.00,Matches,56e6a1c9
121,Ralf Fährmann,de GER,GK,Schalke 04,34-223,1988,11,11,935,10.4,0,0,0,0,0,0,0,0,0.0,0.0,0.0,0.0,0,0,0,0.00,0.00,0.00,0.00,0.00,0.00,0.00,0.00,0.00,0.00,Matches,1e43fad8
122,Ohis Felix Uduokhai,de GER,DF,Augsburg,25-241,1997,17,14,1323,14.7,0,1,1,0,0,0,3,0,0.2,0.2,0.2,0.5,12,48,4,0.00,0.07,0.07,0.00,0.07,0.02,0.02,0.03,0.02,0.03,Matches,677da306
123,Edimilson Fernandes,ch SUI,DF,Mainz 05,27-023,1996,29,25,2167,24.1,0,2,2,0,0,0,3,0,0.6,0.6,1.1,1.6,14,62,22,0.00,0.08,0.08,0.00,0.08,0.02,0.05,0.07,0.02,0.07,Matches,3bb625ac
124,Kilian Fischer,de GER,DFFW,Wolfsburg,22-208,2000,9,5,501,5.6,0,0,0,0,0,0,2,0,0.3,0.3,0.4,0.7,6,23,21,0.00,0.00,0.00,0.00,0.00,0.06,0.07,0.13,0.06,0.13,Matches,79f7302a
125,Mark Flekken,nl NED,GK,Freiburg,29-329,1993,31,31,2790,31.0,0,0,0,0,0,0,0,0,0.0,0.0,0.1,0.1,0,0,0,0.00,0.00,0.00,0.00,0.00,0.00,0.00,0.00,0.00,0.00,Matches,a92ab7be
126,Florian Flick,de GER,MF,Schalke 04,23-007,2000,8,5,512,5.7,0,0,0,0,0,0,1,0,0.1,0.1,0.0,0.1,2,12,2,0.00,0.00,0.00,0.00,0.00,0.01,0.01,0.02,0.01,0.02,Matches,9642c929
127,Emil Forsberg,se SWE,MFFW,RB Leipzig,31-197,1991,27,14,1318,14.6,6,4,10,4,2,2,2,0,4.7,3.1,2.2,5.3,19,59,67,0.41,0.27,0.68,0.27,0.55,0.32,0.15,0.47,0.21,0.36,Matches,9a2e0ccc
128,Philipp Förster,de GER,MF,Bochum,28-093,1995,22,12,1097,12.2,2,6,8,2,0,0,3,0,0.7,0.7,3.0,3.7,17,52,42,0.16,0.49,0.66,0.16,0.66,0.06,0.25,0.31,0.06,0.31,Matches,76fa965f
129,Timothy Fosu-Mensah,nl NED,DF,Leverkusen,25-126,1998,11,1,191,2.1,0,0,0,0,0,0,1,0,0.1,0.1,0.3,0.4,3,7,8,0.00,0.00,0.00,0.00,0.00,0.05,0.13,0.18,0.05,0.18,Matches,a9142dc3
130,Raphael Framberger,de GER,DFFW,Augsburg,27-244,1995,3,2,176,2.0,0,0,0,0,0,0,0,0,0.0,0.0,0.0,0.0,0,3,3,0.00,0.00,0.00,0.00,0.00,0.00,0.02,0.02,0.00,0.02,Matches,626fab5f
131,Bartol Franjić,hr CRO,MF,Wolfsburg,23-114,2000,5,3,227,2.5,0,1,1,0,0,0,0,0,0.3,0.3,0.1,0.4,3,4,1,0.00,0.40,0.40,0.00,0.40,0.10,0.04,0.14,0.10,0.14,Matches,697dc00a
132,Oscar Fraulo,dk DEN,FWMF,M'Gladbach,19-153,2003,2,0,8,0.1,0,0,0,0,0,0,0,0,0.0,0.0,0.0,0.0,0,0,0,0.00,0.00,0.00,0.00,0.00,0.00,0.00,0.00,0.00,0.00,Matches,458e3479
133,Michael Frey,ch SUI,FW,Schalke 04,28-293,1994,14,9,805,8.9,0,3,3,0,0,0,2,0,1.6,1.6,1.8,3.4,9,20,60,0.00,0.34,0.34,0.00,0.34,0.18,0.20,0.38,0.18,0.38,Matches,33182cb8
134,Marco Friedl,at AUT,DF,Werder Bremen,25-053,1998,27,27,2324,25.8,0,0,0,0,0,0,7,1,0.5,0.5,0.4,0.9,11,103,10,0.00,0.00,0.00,0.00,0.00,0.02,0.02,0.04,0.02,0.04,Matches,f86ad3f5
135,Marvin Friedrich,de GER,DF,M'Gladbach,27-146,1995,20,11,1067,11.9,1,0,1,1,0,0,1,0,0.7,0.7,0.5,1.2,3,33,6,0.08,0.00,0.08,0.08,0.08,0.06,0.04,0.10,0.06,0.10,Matches,b77f44a4
136,Jeremie Frimpong,nl NED,DFMF,Leverkusen,22-149,2000,31,29,2438,27.1,8,6,14,8,0,0,4,0,7.2,7.2,5.9,13.1,149,60,222,0.30,0.22,0.52,0.30,0.52,0.27,0.22,0.48,0.27,0.48,Matches,74f2e748
137,Chris Führich,de GER,FWMF,Stuttgart,25-119,1998,30,20,1763,19.6,4,0,4,3,1,1,2,0,3.3,2.5,3.2,5.8,89,78,125,0.20,0.00,0.20,0.15,0.15,0.17,0.16,0.33,0.13,0.29,Matches,0cf778df
138,Angelo Fulgini,fr FRA,MF,Mainz 05,26-261,1996,16,5,525,5.8,0,1,1,0,0,0,1,0,0.6,0.6,0.8,1.4,3,29,43,0.00,0.17,0.17,0.00,0.17,0.10,0.13,0.23,0.10,0.23,Matches,4b96c347
139,Niclas Füllkrug,de GER,FW,Werder Bremen,30-088,1993,26,26,2297,25.5,16,5,21,11,5,5,4,0,12.6,8.4,3.1,11.5,39,88,186,0.63,0.20,0.82,0.43,0.63,0.49,0.12,0.61,0.33,0.45,Matches,4f16405e
140,Cristian Gamboa,cr CRC,DF,Bochum,33-196,1989,19,17,1477,16.4,0,0,0,0,0,0,2,0,0.2,0.2,0.5,0.7,10,56,21,0.00,0.00,0.00,0.00,0.00,0.01,0.03,0.04,0.01,0.04,Matches,f27680d9
141,Silvère Ganvoula M'Boussy,cg CGO,FWMF,Bochum,26-320,1996,16,0,247,2.7,0,0,0,0,0,0,1,0,0.5,0.5,0.5,0.9,5,12,19,0.00,0.00,0.00,0.00,0.00,0.17,0.17,0.34,0.17,0.34,Matches,6c731625
142,Dario Gebuhr,de GER,DF,Eint Frankfurt,20-002,2003,1,0,21,0.2,0,0,0,0,0,0,0,0,0.0,0.0,0.0,0.0,0,0,0,0.00,0.00,0.00,0.00,0.00,0.00,0.00,0.00,0.00,0.00,Matches,277be51d
143,Dennis Geiger,de GER,MF,Hoffenheim,24-332,1998,26,26,1893,21.0,1,3,4,1,0,0,9,0,0.2,0.2,2.7,2.9,20,98,22,0.05,0.14,0.19,0.05,0.19,0.01,0.13,0.14,0.01,0.14,Matches,37f606f0
144,Yannick Gerhardt,de GER,MF,Wolfsburg,29-056,1994,26,20,1667,18.5,6,3,9,6,0,0,2,0,5.6,5.6,1.9,7.5,12,74,71,0.32,0.16,0.49,0.32,0.49,0.30,0.10,0.41,0.30,0.41,Matches,62ab9184
145,Niko Gießelmann,de GER,DF,Union Berlin,31-224,1991,24,14,1295,14.4,0,2,2,0,0,0,4,0,1.1,1.1,1.7,2.7,14,50,50,0.00,0.14,0.14,0.00,0.14,0.07,0.11,0.19,0.07,0.19,Matches,7242b495
146,Rafał Gikiewicz,pl POL,GK,Augsburg,35-194,1987,23,23,2070,23.0,0,0,0,0,0,0,3,0,0.0,0.0,0.0,0.0,0,0,0,0.00,0.00,0.00,0.00,0.00,0.00,0.00,0.00,0.00,0.00,Matches,17376543
147,Matthias Ginter,de GER,DF,Freiburg,29-109,1994,31,31,2790,31.0,4,1,5,4,0,0,3,0,1.4,1.4,0.7,2.1,22,111,11,0.13,0.03,0.16,0.13,0.16,0.05,0.02,0.07,0.05,0.07,Matches,f521b80a
148,Serge Gnabry,de GER,FWMF,Bayern Munich,27-298,1995,31,19,1713,19.0,11,4,15,10,1,1,0,0,9.8,9.0,5.2,14.1,65,79,206,0.58,0.21,0.79,0.53,0.74,0.51,0.27,0.78,0.47,0.74,Matches,88e357ef
149,Jacek Góralski,pl POL,MF,Bochum,30-229,1992,4,2,146,1.6,0,0,0,0,0,0,0,0,0.0,0.0,0.1,0.1,1,3,0,0.00,0.00,0.00,0.00,0.00,0.00,0.04,0.04,0.00,0.04,Matches,83b9c48f
150,Leon Goretzka,de GER,MF,Bayern Munich,28-091,1995,24,21,1625,18.1,3,2,5,3,0,0,5,0,4.7,4.7,2.3,7.0,42,109,62,0.17,0.11,0.28,0.17,0.28,0.26,0.13,0.39,0.26,0.39,Matches,cc86b9a3
151,Mario Götze,de GER,MF,Eint Frankfurt,30-339,1992,29,29,2470,27.4,3,1,4,3,0,0,6,0,3.0,3.0,5.1,8.1,50,132,189,0.11,0.04,0.15,0.11,0.15,0.11,0.18,0.29,0.11,0.29,Matches,9efa1d25
152,Jeffrey Gouweleeuw,nl NED,DF,Augsburg,31-302,1991,29,29,2525,28.1,0,1,1,0,0,0,11,0,1.4,1.4,2.0,3.4,18,76,8,0.00,0.04,0.04,0.00,0.04,0.05,0.07,0.12,0.05,0.12,Matches,1025db8e
153,Ryan Gravenberch,nl NED,MF,Bayern Munich,20-357,2002,21,2,457,5.1,0,0,0,0,0,0,1,0,0.8,0.8,0.5,1.3,11,37,28,0.00,0.00,0.00,0.00,0.00,0.16,0.10,0.26,0.16,0.26,Matches,b8e740fb
154,Michael Gregoritsch,at AUT,FW,Freiburg,29-020,1994,28,27,2102,23.4,10,4,14,10,0,0,5,0,9.6,9.6,3.0,12.5,20,56,119,0.43,0.17,0.60,0.43,0.60,0.41,0.13,0.54,0.41,0.54,Matches,8e235926
155,Leo Greiml,at AUT,DF,Schalke 04,21-309,2001,7,3,358,4.0,0,0,0,0,0,0,2,0,0.1,0.1,0.1,0.2,4,10,1,0.00,0.00,0.00,0.00,0.00,0.03,0.02,0.05,0.03,0.05,Matches,f9dfb7ae
156,Vincenzo Grifo,it ITA,FWMF,Freiburg,30-031,1993,30,27,2157,24.0,13,4,17,7,6,7,2,0,8.8,3.2,4.8,8.0,61,123,110,0.54,0.17,0.71,0.29,0.46,0.37,0.20,0.57,0.13,0.33,Matches,54e4866f
157,Lennart Grill,de GER,GK,Union Berlin,24-103,1999,5,5,450,5.0,0,0,0,0,0,0,0,0,0.0,0.0,0.0,0.0,0,0,0,0.00,0.00,0.00,0.00,0.00,0.00,0.00,0.00,0.00,0.00,Matches,37998008
158,Christian Groß,de GER,MF,Werder Bremen,34-089,1989,25,23,1841,20.5,1,1,2,1,0,0,4,0,0.2,0.2,0.5,0.6,22,63,17,0.05,0.05,0.10,0.05,0.10,0.01,0.02,0.03,0.01,0.03,Matches,14a7af33
159,Brajan Gruda,de GER,MF,Mainz 05,18-342,2004,2,0,4,0.0,0,0,0,0,0,0,0,0,0.0,0.0,0.1,0.1,0,0,0,0.00,0.00,0.00,0.00,0.00,0.00,1.63,1.63,0.00,1.63,Matches,ae9b998d
160,Ilia Gruev,bg BUL,MF,Werder Bremen,23-002,2000,28,15,1379,15.3,0,0,0,0,0,0,2,0,0.2,0.2,0.8,1.0,24,55,12,0.00,0.00,0.00,0.00,0.00,0.01,0.05,0.07,0.01,0.07,Matches,1fc4f3d1
161,Carlos Gruezo,ec ECU,MF,Augsburg,28-019,1995,13,12,961,10.7,0,0,0,0,0,0,5,0,0.0,0.0,0.3,0.3,2,29,5,0.00,0.00,0.00,0.00,0.00,0.00,0.03,0.03,0.00,0.03,Matches,f2dd9a21
162,Raphaël Guerreiro,pt POR,DFMF,Dortmund,29-137,1993,24,24,2089,23.2,3,12,15,3,0,0,3,0,2.2,2.2,6.7,8.9,64,165,137,0.13,0.52,0.65,0.13,0.65,0.09,0.29,0.38,0.09,0.38,Matches,048a1cbc
163,Josuha Guilavogui,fr FRA,MFDF,Wolfsburg,32-231,1990,20,8,910,10.1,1,0,1,1,0,0,3,0,0.3,0.3,0.4,0.7,2,40,6,0.10,0.00,0.10,0.10,0.10,0.03,0.04,0.07,0.03,0.07,Matches,e6c43eec
164,Sehrou Guirassy,gn GUI,FW,Stuttgart,27-057,1996,19,17,1380,15.3,9,0,9,8,1,1,4,1,8.5,7.7,1.1,8.8,20,24,81,0.59,0.00,0.59,0.52,0.52,0.56,0.07,0.63,0.50,0.58,Matches,923f4dda
165,Péter Gulácsi,hu HUN,GK,RB Leipzig,33-002,1990,6,6,540,6.0,0,0,0,0,0,0,0,0,0.0,0.0,0.0,0.0,0,0,0,0.00,0.00,0.00,0.00,0.00,0.00,0.00,0.00,0.00,0.00,Matches,bcb2ccd8
166,Manuel Gulde,de GER,DF,Freiburg,32-085,1991,13,7,543,6.0,0,0,0,0,0,0,2,0,0.1,0.1,0.1,0.2,4,15,4,0.00,0.00,0.00,0.00,0.00,0.02,0.01,0.04,0.02,0.04,Matches,25ab9c9c
167,Robert Gumny,pl POL,DF,Augsburg,24-338,1998,27,22,1948,21.6,1,2,3,1,0,0,4,0,0.7,0.7,0.7,1.4,23,53,57,0.05,0.09,0.14,0.05,0.14,0.03,0.03,0.07,0.03,0.07,Matches,1df0c0b9
168,Christian Günter,de GER,DFMF,Freiburg,30-069,1993,30,30,2657,29.5,0,4,4,0,0,0,5,0,1.2,1.2,5.1,6.3,43,77,124,0.00,0.14,0.14,0.00,0.14,0.04,0.17,0.21,0.04,0.21,Matches,8593f88c
169,Joško Gvardiol,hr CRO,DF,RB Leipzig,21-105,2002,28,23,2064,22.9,1,0,1,1,0,0,1,0,1.8,1.8,0.6,2.5,26,113,4,0.04,0.00,0.04,0.04,0.04,0.08,0.03,0.11,0.08,0.11,Matches,5ad50391
170,Janik Haberer,de GER,MF,Union Berlin,29-036,1994,29,27,1987,22.1,5,1,6,5,0,0,0,0,3.3,3.3,1.6,4.8,19,67,73,0.23,0.05,0.27,0.23,0.27,0.15,0.07,0.22,0.15,0.22,Matches,70dcf94d
171,Alexander Hack,de GER,DF,Mainz 05,29-242,1993,19,14,1132,12.6,0,0,0,0,0,0,2,1,0.1,0.1,0.1,0.2,1,52,0,0.00,0.00,0.00,0.00,0.00,0.01,0.01,0.02,0.01,0.02,Matches,a5ec3ede
172,André Hahn,de GER,FWMF,Augsburg,32-268,1990,7,4,391,4.3,2,0,2,2,0,0,1,0,0.4,0.4,0.0,0.4,3,8,10,0.46,0.00,0.46,0.46,0.46,0.09,0.01,0.10,0.09,0.10,Matches,cd82452e
173,Amadou Haidara,ml MLI,MF,RB Leipzig,25-097,1998,28,12,1247,13.9,2,1,3,2,0,0,6,0,2.7,2.7,1.4,4.1,9,70,7,0.14,0.07,0.22,0.14,0.22,0.19,0.10,0.30,0.19,0.30,Matches,92432bc6
174,Sébastien Haller,ci CIV,FW,Dortmund,28-320,1994,16,12,967,10.7,5,3,8,5,0,0,1,0,5.1,5.1,2.2,7.3,5,17,52,0.47,0.28,0.74,0.47,0.74,0.47,0.20,0.68,0.47,0.68,Matches,ba115a40
175,Marcel Halstenberg,de GER,DF,RB Leipzig,31-223,1991,28,15,1387,15.4,1,1,2,1,0,0,2,0,1.0,1.0,1.7,2.7,17,50,59,0.06,0.06,0.13,0.06,0.13,0.07,0.11,0.18,0.07,0.18,Matches,8ff2354e
176,Andreas Hanche-Olsen,no NOR,DF,Mainz 05,26-111,1997,15,15,1317,14.6,0,3,3,0,0,0,4,0,0.4,0.4,1.2,1.5,5,41,9,0.00,0.21,0.21,0.00,0.21,0.03,0.08,0.10,0.03,0.10,Matches,2e77d607
177,Genki Haraguchi,jp JPN,MF,Stuttgart,31-364,1991,10,9,744,8.3,0,2,2,0,0,0,1,0,0.3,0.3,0.7,1.0,16,30,28,0.00,0.24,0.24,0.00,0.24,0.03,0.08,0.12,0.03,0.12,Matches,f24ea523
178,Genki Haraguchi,jp JPN,MF,Union Berlin,31-364,1991,11,6,498,5.5,0,0,0,0,0,0,0,0,0.3,0.3,0.3,0.5,6,17,18,0.00,0.00,0.00,0.00,0.00,0.05,0.05,0.09,0.05,0.09,Matches,f24ea523
179,Makoto Hasebe,jp JPN,DF,Eint Frankfurt,39-110,1984,16,14,1225,13.6,0,0,0,0,0,0,1,0,0.0,0.0,0.4,0.4,4,54,1,0.00,0.00,0.00,0.00,0.00,0.00,0.03,0.03,0.00,0.03,Matches,9ab16552
180,Thorgan Hazard,be BEL,FWDF,Dortmund,30-040,1993,14,2,464,5.2,0,0,0,0,0,0,1,0,1.3,1.3,0.9,2.3,21,28,50,0.00,0.00,0.00,0.00,0.00,0.26,0.18,0.44,0.26,0.44,Matches,50871bcc
181,Jonas Hector,de GER,DF,Köln,32-346,1990,29,29,2554,28.4,0,2,2,0,0,0,2,0,1.5,1.5,3.0,4.5,49,114,112,0.00,0.07,0.07,0.00,0.07,0.05,0.11,0.16,0.05,0.16,Matches,c2009df3
182,Dominique Heintz,de GER,DF,Bochum,29-266,1993,8,5,578,6.4,0,0,0,0,0,0,1,0,0.2,0.2,0.1,0.3,2,14,1,0.00,0.00,0.00,0.00,0.00,0.04,0.01,0.05,0.04,0.05,Matches,699fb8db
183,Benjamin Henrichs,de GER,DFMF,RB Leipzig,26-074,1997,28,22,2073,23.0,2,2,4,2,0,0,7,0,1.2,1.2,1.8,3.0,46,106,143,0.09,0.09,0.17,0.09,0.17,0.05,0.08,0.13,0.05,0.13,Matches,0a89e877
184,Lucas Hernández,fr FRA,DF,Bayern Munich,27-083,1996,7,6,476,5.3,0,0,0,0,0,0,1,0,0.0,0.0,0.2,0.2,3,34,4,0.00,0.00,0.00,0.00,0.00,0.00,0.03,0.03,0.00,0.03,Matches,c3ee18ef
185,Patrick Herrmann,de GER,FWMF,M'Gladbach,32-085,1991,19,0,153,1.7,1,0,1,1,0,0,2,0,0.4,0.4,0.4,0.8,6,6,12,0.59,0.00,0.59,0.59,0.59,0.21,0.25,0.45,0.21,0.45,Matches,dfb6490a
186,Piero Hincapié,ec ECU,DF,Leverkusen,21-119,2002,28,25,2278,25.3,1,0,1,1,0,0,12,2,1.2,1.2,0.8,2.0,44,78,40,0.04,0.00,0.04,0.04,0.04,0.05,0.03,0.08,0.05,0.08,Matches,0c7a48f8
187,Adam Hložek,cz CZE,FWMF,Leverkusen,20-287,2002,26,16,1263,14.0,5,3,8,5,0,0,2,0,2.7,2.7,2.5,5.2,20,31,69,0.36,0.21,0.57,0.36,0.57,0.19,0.18,0.37,0.19,0.37,Matches,5521f419
188,Nicolas Höfler,de GER,MF,Freiburg,33-060,1990,30,30,2637,29.3,0,1,1,0,0,0,9,0,1.7,1.7,0.9,2.6,11,102,9,0.00,0.03,0.03,0.00,0.03,0.06,0.03,0.09,0.06,0.09,Matches,5d8e331f
189,Jonas Hofmann,de GER,FWMF,M'Gladbach,30-298,1992,28,27,2410,26.8,10,8,18,10,0,1,2,0,6.3,5.6,9.9,15.5,64,94,173,0.37,0.30,0.67,0.37,0.67,0.23,0.37,0.60,0.21,0.58,Matches,2903a856
190,Philipp Hofmann,de GER,FW,Bochum,30-039,1993,31,28,2371,26.3,8,1,9,8,0,0,3,0,8.0,8.0,2.5,10.5,7,59,104,0.30,0.04,0.34,0.30,0.34,0.30,0.09,0.40,0.30,0.40,Matches,877bc844
191,Lucas Höler,de GER,FWMF,Freiburg,28-302,1994,23,13,1234,13.7,5,2,7,5,0,0,1,0,2.9,2.9,1.6,4.5,14,27,74,0.36,0.15,0.51,0.36,0.51,0.21,0.12,0.33,0.21,0.33,Matches,ca618d23
192,Gerrit Holtmann,ph PHI,FWMF,Bochum,28-044,1995,21,8,909,10.1,1,1,2,1,0,0,0,0,2.3,2.3,0.8,3.1,36,8,81,0.10,0.10,0.20,0.10,0.20,0.23,0.08,0.30,0.23,0.30,Matches,2979c05a
193,Jannes Horn,de GER,DFFW,Bochum,26-091,1997,2,1,59,0.7,0,0,0,0,0,0,1,0,0.0,0.0,0.0,0.0,0,0,0,0.00,0.00,0.00,0.00,0.00,0.00,0.00,0.00,0.00,0.00,Matches,2b83fa49
194,Lukáš Hrádecký,fi FIN,GK,Leverkusen,33-165,1989,30,30,2699,30.0,0,0,0,0,0,0,0,1,0.0,0.0,0.0,0.0,0,0,0,0.00,0.00,0.00,0.00,0.00,0.00,0.00,0.00,0.00,0.00,Matches,ad3389d5
195,Timo Hübers,de GER,DF,Köln,26-292,1996,26,25,2289,25.4,1,0,1,1,0,0,7,0,1.0,1.0,0.1,1.1,9,72,0,0.04,0.00,0.04,0.04,0.04,0.04,0.00,0.04,0.04,0.04,Matches,94302c52
196,Callum Hudson-Odoi,eng ENG,FWMF,Leverkusen,22-182,2000,14,7,605,6.7,0,1,1,0,0,0,0,0,0.2,0.2,0.8,0.9,30,31,44,0.00,0.15,0.15,0.00,0.15,0.03,0.11,0.14,0.03,0.14,Matches,15f3ec41
197,Mats Hummels,de GER,DF,Dortmund,34-143,1988,27,21,1781,19.8,1,0,1,1,0,0,4,0,1.7,1.7,0.8,2.5,17,87,6,0.05,0.00,0.05,0.05,0.05,0.09,0.04,0.13,0.09,0.13,Matches,05d548d8
198,Denis Huseinbasic,de GER,MFFW,Köln,21-309,2001,21,7,728,8.1,3,1,4,3,0,0,3,0,2.1,2.1,0.3,2.4,9,32,44,0.37,0.12,0.49,0.37,0.49,0.26,0.04,0.30,0.26,0.30,Matches,b116c6e3
199,Iago,br BRA,DFMF,Augsburg,26-046,1997,22,19,1600,17.8,0,2,2,0,0,0,6,1,0.4,0.4,1.1,1.5,27,53,49,0.00,0.11,0.11,0.00,0.11,0.02,0.06,0.08,0.02,0.08,Matches,054849d2
200,Arijon Ibrahimović,de GER,MF,Bayern Munich,17-148,2005,1,0,14,0.2,0,0,0,0,0,0,0,0,0.5,0.5,0.1,0.6,0,0,2,0.00,0.00,0.00,0.00,0.00,3.31,0.37,3.68,3.31,3.68,Matches,f5c4fd91
201,Marcus Ingvartsen,dk DEN,FWMF,Mainz 05,27-124,1996,25,14,1159,12.9,9,0,9,5,4,4,2,0,7.5,4.3,0.2,4.5,14,24,75,0.70,0.00,0.70,0.39,0.39,0.58,0.02,0.60,0.34,0.35,Matches,271b8617
202,Ko Itakura,jp JPN,DF,M'Gladbach,26-101,1997,21,20,1756,19.5,0,2,2,0,0,0,1,2,0.5,0.5,0.2,0.7,17,48,1,0.00,0.10,0.10,0.00,0.10,0.03,0.01,0.04,0.03,0.04,Matches,97d545ae
203,Hiroki Ito,jp JPN,DF,Stuttgart,23-361,1999,27,26,2291,25.5,1,1,2,1,0,0,5,0,0.8,0.8,2.0,2.8,27,148,27,0.04,0.04,0.08,0.04,0.08,0.03,0.08,0.11,0.03,0.11,Matches,204dded0
204,Andreas Ivan,ro ROU,MF,Schalke 04,28-118,1995,1,0,46,0.5,0,0,0,0,0,0,0,0,0.0,0.0,0.0,0.0,0,2,1,0.00,0.00,0.00,0.00,0.00,0.08,0.00,0.08,0.08,0.08,Matches,8bf58a80
205,Lee Jae-sung,kr KOR,MF,Mainz 05,30-271,1992,31,22,1740,19.3,7,4,11,7,0,0,2,0,4.2,4.2,2.4,6.7,27,64,92,0.36,0.21,0.57,0.36,0.57,0.22,0.13,0.34,0.22,0.34,Matches,34b0387f
206,Paul Jaeckel,de GER,DF,Union Berlin,24-290,1998,15,12,1117,12.4,1,0,1,1,0,0,4,1,0.1,0.1,0.0,0.2,5,31,8,0.08,0.00,0.08,0.08,0.08,0.01,0.00,0.01,0.01,0.01,Matches,a93b6f4e
207,Kristijan Jakić,hr CRO,DFMF,Eint Frankfurt,25-359,1997,24,17,1460,16.2,1,0,1,1,0,0,4,0,0.7,0.7,0.7,1.5,16,59,19,0.06,0.00,0.06,0.06,0.06,0.05,0.05,0.09,0.05,0.09,Matches,a8ee54ad
208,Jan Jakob Olschowsky,de GER,GK,M'Gladbach,21-171,2001,2,2,180,2.0,0,0,0,0,0,0,0,0,0.0,0.0,0.0,0.0,0,0,0,0.00,0.00,0.00,0.00,0.00,0.00,0.00,0.00,0.00,0.00,Matches,fa4cabd1
209,Saidy Janko,gm GAM,DF,Bochum,27-198,1995,17,9,864,9.6,0,0,0,0,0,0,1,0,0.0,0.0,0.1,0.2,19,26,25,0.00,0.00,0.00,0.00,0.00,0.00,0.01,0.02,0.00,0.02,Matches,689c9cf4
210,Tony Jantschke,de GER,DFMF,M'Gladbach,33-031,1990,6,1,89,1.0,0,0,0,0,0,0,0,0,0.0,0.0,0.0,0.0,0,1,0,0.00,0.00,0.00,0.00,0.00,0.00,0.00,0.00,0.00,0.00,Matches,34b54da7
211,Fredrik Jensen,fi FIN,FWMF,Augsburg,25-241,1997,20,8,924,10.3,2,1,3,2,0,0,1,0,1.8,1.8,1.4,3.2,3,24,62,0.19,0.10,0.29,0.19,0.29,0.17,0.13,0.31,0.17,0.31,Matches,3eeb80e0
212,Moritz Jenz,de GER,DF,Schalke 04,24-008,1999,10,10,855,9.5,0,0,0,0,0,0,4,0,0.9,0.9,0.0,1.0,6,16,1,0.00,0.00,0.00,0.00,0.00,0.10,0.00,0.10,0.10,0.10,Matches,ee644761
213,Stevan Jovetić,me MNE,FWMF,Hertha BSC,33-187,1989,15,6,712,7.9,3,2,5,3,0,0,0,0,2.0,2.0,1.1,3.0,11,34,34,0.38,0.25,0.63,0.38,0.63,0.25,0.14,0.38,0.25,0.38,Matches,f36c432f
214,Anthony Jung,de GER,DFFW,Werder Bremen,31-186,1991,31,30,2437,27.1,2,5,7,2,0,0,1,0,1.3,1.3,1.5,2.8,24,64,101,0.07,0.18,0.26,0.07,0.26,0.05,0.06,0.10,0.05,0.10,Matches,de838f86
215,Josip Juranović,hr CRO,DF,Union Berlin,27-265,1995,10,10,900,10.0,2,1,3,1,1,1,0,0,1.5,0.8,1.3,2.0,11,26,29,0.20,0.10,0.30,0.10,0.20,0.15,0.13,0.28,0.08,0.20,Matches,0a084b35
216,Ozan Kabak,tr TUR,DF,Hoffenheim,23-044,2000,27,25,2151,23.9,2,2,4,2,0,0,12,2,1.3,1.3,1.3,2.6,21,68,13,0.08,0.08,0.17,0.08,0.17,0.05,0.06,0.11,0.05,0.11,Matches,2d61d13a
217,Pavel Kadeřábek,cz CZE,DF,Hoffenheim,31-013,1992,26,17,1665,18.5,1,1,2,1,0,0,1,0,1.3,1.3,1.7,3.1,30,61,114,0.05,0.05,0.11,0.05,0.11,0.07,0.09,0.17,0.07,0.17,Matches,79c90e45
218,Florian Kainz,at AUT,MFFW,Köln,30-196,1992,29,28,2137,23.7,6,8,14,3,3,3,6,1,5.7,3.3,7.3,10.6,56,146,134,0.25,0.34,0.59,0.13,0.46,0.24,0.31,0.55,0.14,0.45,Matches,94c18565
219,Sasa Kalajdzic,at AUT,FW,Stuttgart,25-305,1997,3,3,233,2.6,0,3,3,0,0,0,1,0,0.5,0.5,0.6,1.1,0,4,13,0.00,1.16,1.16,0.00,1.16,0.19,0.24,0.44,0.19,0.44,Matches,15f24fe7
220,Daichi Kamada,jp JPN,MFFW,Eint Frankfurt,26-276,1996,29,22,2001,22.2,7,4,11,5,2,2,3,0,7.7,6.1,2.7,8.8,39,134,88,0.31,0.18,0.49,0.22,0.40,0.35,0.12,0.47,0.27,0.40,Matches,15b287da
221,Jakub Kamiński,pl POL,FWMF,Wolfsburg,20-337,2002,28,22,1823,20.3,2,2,4,2,0,0,0,0,4.3,4.1,3.3,7.4,42,73,156,0.10,0.10,0.20,0.10,0.20,0.21,0.16,0.38,0.20,0.37,Matches,202b3b68
222,Marcin Kamiński,pl POL,DF,Schalke 04,31-113,1992,6,5,452,5.0,1,0,1,1,0,0,0,0,0.2,0.2,0.1,0.2,2,14,2,0.20,0.00,0.20,0.20,0.20,0.04,0.01,0.05,0.04,0.05,Matches,463503e2
223,Kevin Kampl,si SVN,MF,RB Leipzig,32-211,1990,27,16,1285,14.3,2,2,4,2,0,0,8,0,1.1,1.1,0.9,2.1,19,75,13,0.14,0.14,0.28,0.14,0.28,0.08,0.07,0.14,0.08,0.14,Matches,b825a650
224,Wilfried Kanga,ci CIV,FW,Hertha BSC,25-076,1998,23,15,1417,15.7,2,0,2,2,0,0,3,0,3.3,3.3,1.5,4.8,11,12,72,0.13,0.00,0.13,0.13,0.13,0.21,0.09,0.31,0.21,0.31,Matches,b4c816a9
225,Kenan Karaman,tr TUR,FW,Schalke 04,29-064,1994,18,8,780,8.7,1,2,3,1,0,0,2,0,2.3,2.3,1.3,3.6,17,16,44,0.12,0.23,0.35,0.12,0.35,0.27,0.15,0.42,0.27,0.42,Matches,8f0f2230
226,Atakan Karazor,de GER,MF,Stuttgart,26-207,1996,26,19,1705,18.9,0,1,1,0,0,0,10,0,0.3,0.3,0.6,0.9,4,66,9,0.00,0.05,0.05,0.00,0.05,0.01,0.03,0.05,0.01,0.05,Matches,5762be5c
227,Thomas Kastanaras,gr GRE,FWDF,Stuttgart,20-119,2003,4,1,72,0.8,0,0,0,0,0,0,0,0,0.3,0.3,0.1,0.3,1,2,6,0.00,0.00,0.00,0.00,0.00,0.32,0.08,0.40,0.32,0.40,Matches,778ccc44
228,Silas Katompa,cd COD,FWMF,Stuttgart,24-214,1998,27,20,1767,19.6,5,2,7,4,1,1,4,0,6.5,5.7,1.2,6.9,61,37,147,0.25,0.10,0.36,0.20,0.31,0.33,0.06,0.39,0.29,0.35,Matches,de4cac2d
229,Yannik Keitel,de GER,MF,Freiburg,23-082,2000,20,6,550,6.1,0,2,2,0,0,0,4,0,0.1,0.1,0.1,0.2,11,22,13,0.00,0.33,0.33,0.00,0.33,0.01,0.02,0.03,0.01,0.03,Matches,d2c580ce
230,Marc-Oliver Kempf,de GER,DF,Hertha BSC,28-100,1995,29,29,2529,28.1,1,0,1,1,0,0,5,0,1.5,1.5,0.3,1.8,10,76,1,0.04,0.00,0.04,0.04,0.04,0.05,0.01,0.06,0.05,0.06,Matches,815c314f
231,Jonjoe Kenny,eng ENG,DF,Hertha BSC,26-054,1997,26,22,1974,21.9,0,1,1,0,0,0,2,0,0.3,0.3,2.1,2.3,26,83,51,0.00,0.05,0.05,0.00,0.05,0.01,0.09,0.11,0.01,0.11,Matches,099e666f
232,Rani Khedira,de GER,MF,Union Berlin,29-101,1994,30,30,2612,29.0,1,0,1,1,0,0,7,0,1.6,1.6,0.6,2.2,12,62,21,0.03,0.00,0.03,0.03,0.03,0.05,0.02,0.08,0.05,0.08,Matches,59e4b92e
233,Luca Kilian,de GER,DF,Köln,23-249,1999,15,13,1102,12.2,1,0,1,1,0,0,5,2,1.1,1.1,0.2,1.3,12,50,4,0.08,0.00,0.08,0.08,0.08,0.09,0.01,0.11,0.09,0.11,Matches,610aa1e9
234,Joshua Kimmich,de GER,MF,Bayern Munich,28-089,1995,30,29,2560,28.4,4,6,10,4,0,0,6,1,1.4,1.4,6.8,8.3,41,293,53,0.14,0.21,0.35,0.14,0.35,0.05,0.24,0.29,0.05,0.29,Matches,49296448
235,Lukas Klostermann,de GER,DF,RB Leipzig,26-339,1996,12,8,743,8.3,0,0,0,0,0,0,0,0,0.3,0.3,0.1,0.5,5,35,11,0.00,0.00,0.00,0.00,0.00,0.04,0.01,0.06,0.04,0.06,Matches,ca8033cb
236,Ansgar Knauff,de GER,DF,Eint Frankfurt,21-118,2002,23,14,1255,13.9,1,1,2,1,0,0,1,0,0.9,0.9,1.6,2.5,44,40,73,0.07,0.07,0.14,0.07,0.14,0.06,0.12,0.18,0.06,0.18,Matches,19a967ab
237,Robin Knoche,de GER,DF,Union Berlin,30-351,1992,30,30,2693,29.9,2,1,3,1,1,2,4,0,2.4,0.8,0.4,1.2,12,93,5,0.07,0.03,0.10,0.03,0.07,0.08,0.01,0.09,0.03,0.04,Matches,6bd5cd5d
238,Gregor Kobel,ch SUI,GK,Dortmund,25-153,1997,24,24,2160,24.0,0,0,0,0,0,0,0,0,0.0,0.0,0.0,0.0,0,0,0,0.00,0.00,0.00,0.00,0.00,0.00,0.00,0.00,0.00,0.00,Matches,cd59b9df
239,Dominik Kohr,de GER,MF,Mainz 05,29-097,1994,28,25,2112,23.5,3,0,3,3,0,0,10,0,2.0,2.0,0.9,2.9,14,140,39,0.13,0.00,0.13,0.13,0.13,0.09,0.04,0.12,0.09,0.12,Matches,0fbecd11
240,Randal Kolo Muani,fr FRA,FW,Eint Frankfurt,24-154,1998,29,28,2388,26.5,13,10,23,11,2,2,5,1,11.5,10.0,5.8,15.7,85,52,216,0.49,0.38,0.87,0.41,0.79,0.43,0.22,0.65,0.38,0.59,Matches,c0b3669f
241,Timothée Kolodziejczak,fr FRA,DF,Schalke 04,31-219,1991,1,0,25,0.3,0,0,0,0,0,0,0,0,0.0,0.0,0.0,0.0,0,0,0,0.00,0.00,0.00,0.00,0.00,0.00,0.00,0.00,0.00,0.00,Matches,ab096c6f
242,Kouadio Koné,fr FRA,MF,M'Gladbach,21-356,2001,28,28,2459,27.3,1,1,2,1,0,0,11,0,1.2,1.2,1.3,2.5,51,159,51,0.04,0.04,0.07,0.04,0.07,0.04,0.05,0.09,0.04,0.09,Matches,86574238
243,Odilon Kossonou,ci CIV,DF,Leverkusen,22-124,2001,24,17,1523,16.9,0,1,1,0,0,0,3,0,0.2,0.2,0.1,0.3,26,77,16,0.00,0.06,0.06,0.00,0.06,0.01,0.01,0.02,0.01,0.02,Matches,1f3afdcb
244,Filip Kostić,rs SRB,DFMF,Eint Frankfurt,30-188,1992,1,1,74,0.8,0,0,0,0,0,0,1,0,0.0,0.0,0.1,0.1,3,4,3,0.00,0.00,0.00,0.00,0.00,0.03,0.08,0.11,0.03,0.11,Matches,b1cd37e6
245,Tomáš Koubek,cz CZE,GK,Augsburg,30-255,1992,8,8,720,8.0,0,0,0,0,0,0,0,0,0.0,0.0,0.0,0.0,0,0,0,0.00,0.00,0.00,0.00,0.00,0.00,0.00,0.00,0.00,0.00,Matches,dc366c36
246,Soichiro Kozuki,jp JPN,FWMF,Schalke 04,22-137,2000,5,5,379,4.2,1,0,1,1,0,0,1,0,1.1,1.1,0.3,1.4,15,10,37,0.24,0.00,0.24,0.24,0.24,0.26,0.08,0.33,0.26,0.33,Matches,f1e855eb
247,Alex Král,cz CZE,MF,Schalke 04,24-354,1998,26,23,2087,23.2,0,0,0,0,0,0,3,0,1.3,1.3,0.4,1.7,37,87,62,0.00,0.00,0.00,0.00,0.00,0.06,0.02,0.07,0.06,0.07,Matches,e717705a
248,Andrej Kramarić,hr CRO,MFFW,Hoffenheim,31-323,1991,29,23,2116,23.5,10,3,13,7,3,5,2,0,11.0,7.0,2.0,9.0,41,91,174,0.43,0.13,0.55,0.30,0.43,0.47,0.08,0.55,0.30,0.38,Matches,603cb947
249,Christoph Kramer,de GER,MF,M'Gladbach,32-078,1991,27,26,2136,23.7,0,0,0,0,0,0,3,0,0.4,0.4,2.0,2.4,25,76,59,0.00,0.00,0.00,0.00,0.00,0.02,0.08,0.10,0.02,0.10,Matches,496aeede
250,Tom Krauß,de GER,MF,Schalke 04,21-320,2001,30,29,2387,26.5,2,0,2,2,0,0,6,0,2.1,2.1,0.9,3.0,34,85,36,0.08,0.00,0.08,0.08,0.08,0.08,0.03,0.11,0.08,0.11,Matches,9f77012e
251,Max Kruse,de GER,MFFW,Wolfsburg,35-050,1988,5,2,272,3.0,0,0,0,0,0,0,0,0,0.7,0.7,0.1,0.9,4,7,30,0.00,0.00,0.00,0.00,0.00,0.25,0.05,0.29,0.25,0.29,Matches,f9446dcd
252,Lukas Kübler,de GER,DF,Freiburg,30-251,1992,19,18,1569,17.4,2,1,3,2,0,0,1,0,0.9,0.9,0.4,1.3,11,54,46,0.11,0.06,0.17,0.11,0.17,0.05,0.02,0.08,0.05,0.08,Matches,2a29eb9b
253,Pierre Kunde,cm CMR,MFFW,Bochum,27-286,1995,12,3,377,4.2,1,0,1,1,0,0,0,0,0.3,0.3,0.2,0.5,6,16,1,0.24,0.00,0.24,0.24,0.24,0.08,0.05,0.13,0.08,0.13,Matches,9ceb7642
254,Alou Kuol,au AUS,FW,Stuttgart,22-223,2000,1,0,5,0.1,0,0,0,0,0,0,0,0,0.0,0.0,0.0,0.0,0,0,0,0.00,0.00,0.00,0.00,0.00,0.00,0.00,0.00,0.00,0.00,Matches,f1bc3876
255,Daniel Kyereh,gh GHA,MFFW,Freiburg,27-061,1996,12,7,559,6.2,2,0,2,2,0,0,2,0,2.2,2.2,0.3,2.5,5,11,24,0.32,0.00,0.32,0.32,0.32,0.36,0.04,0.40,0.36,0.40,Matches,2770726a
256,Maxence Lacroix,fr FRA,DF,Wolfsburg,23-032,2000,24,18,1627,18.1,1,0,1,1,0,0,1,0,0.5,0.5,0.1,0.6,15,83,4,0.06,0.00,0.06,0.06,0.06,0.03,0.01,0.04,0.03,0.04,Matches,277c49ed
257,Aïssa Laïdouni,tn TUN,MF,Union Berlin,26-146,1996,11,10,744,8.3,0,0,0,0,0,0,3,0,0.3,0.3,0.4,0.7,8,30,21,0.00,0.00,0.00,0.00,0.00,0.03,0.05,0.09,0.03,0.09,Matches,22798128
258,Konrad Laimer,at AUT,MF,RB Leipzig,25-346,1997,18,14,1237,13.7,1,0,1,1,0,0,8,0,1.2,1.2,1.5,2.7,45,83,46,0.07,0.00,0.07,0.07,0.07,0.09,0.11,0.20,0.09,0.20,Matches,c1b7847c
259,Stefan Lainer,at AUT,DF,M'Gladbach,30-254,1992,14,6,553,6.1,0,0,0,0,0,0,2,0,0.1,0.1,0.6,0.7,16,39,21,0.00,0.00,0.00,0.00,0.00,0.02,0.10,0.12,0.02,0.12,Matches,4aea5077
260,Vassilis Lambropoulos,gr GRE,DF,Bochum,33-038,1990,13,7,623,6.9,0,0,0,0,0,0,2,0,0.4,0.4,0.2,0.6,1,26,0,0.00,0.00,0.00,0.00,0.00,0.06,0.03,0.09,0.06,0.09,Matches,591477c9
261,Jordan Larsson,se SWE,FWMF,Schalke 04,25-322,1997,11,5,463,5.1,0,0,0,0,0,0,0,0,1.2,1.2,0.4,1.7,5,12,29,0.00,0.00,0.00,0.00,0.00,0.24,0.09,0.32,0.24,0.32,Matches,72984eee
262,Danny Latza,de GER,MF,Schalke 04,33-152,1989,17,6,663,7.4,0,1,1,0,0,0,2,0,0.7,0.7,0.2,0.9,7,26,11,0.00,0.14,0.14,0.00,0.14,0.10,0.02,0.12,0.10,0.12,Matches,33b554b7
263,Diogo Leite,pt POR,DF,Union Berlin,24-105,1999,25,23,2029,22.5,0,1,1,0,0,0,5,1,0.7,0.7,0.4,1.1,15,100,13,0.00,0.04,0.04,0.00,0.04,0.03,0.02,0.05,0.03,0.05,Matches,c4987edc
264,Maxim Leitsch,de GER,DF,Mainz 05,24-355,1998,9,7,663,7.4,0,0,0,0,0,0,0,0,0.2,0.2,0.0,0.2,5,25,1,0.00,0.00,0.00,0.00,0.00,0.02,0.00,0.03,0.02,0.03,Matches,7e12a98d
265,Tim Lemperle,de GER,FWMF,Köln,21-092,2002,10,0,116,1.3,0,0,0,0,0,0,0,0,0.1,0.1,1.0,1.2,1,5,14,0.00,0.00,0.00,0.00,0.00,0.09,0.81,0.90,0.09,0.90,Matches,792ffa71
266,Christopher Lenz,de GER,DF,Eint Frankfurt,28-228,1994,21,10,1096,12.2,0,2,2,0,0,0,1,0,0.6,0.6,2.6,3.1,27,60,62,0.00,0.16,0.16,0.00,0.16,0.05,0.21,0.26,0.05,0.26,Matches,bbd86530
267,Jamie Leweling,de GER,FW,Union Berlin,22-071,2001,14,0,238,2.6,1,1,2,1,0,0,1,0,0.6,0.6,0.2,0.8,6,4,22,0.38,0.38,0.76,0.38,0.76,0.23,0.08,0.31,0.23,0.31,Matches,13fe7b69
268,Philipp Lienhart,at AUT,DF,Freiburg,26-301,1996,27,25,2336,26.0,1,0,1,1,0,0,3,0,1.2,1.2,0.3,1.5,13,78,3,0.04,0.00,0.04,0.04,0.04,0.04,0.01,0.06,0.04,0.06,Matches,302527b2
269,Matthijs de Ligt,nl NED,DF,Bayern Munich,23-269,1999,28,24,2139,23.8,3,1,4,3,0,0,4,0,1.0,1.0,0.5,1.6,16,127,11,0.13,0.04,0.17,0.13,0.17,0.04,0.02,0.07,0.04,0.07,Matches,d6e53a3a
270,Dimitris Limnios,gr GRE,FW,Köln,24-346,1998,1,0,9,0.1,0,0,0,0,0,0,0,0,0.0,0.0,0.0,0.0,0,0,2,0.00,0.00,0.00,0.00,0.00,0.00,0.00,0.00,0.00,0.00,Matches,62c7067a
271,Jesper Lindstrøm,dk DEN,MFFW,Eint Frankfurt,23-068,2000,24,21,1583,17.6,7,2,9,7,0,0,2,0,5.8,5.8,2.8,8.7,59,30,130,0.40,0.11,0.51,0.40,0.51,0.33,0.16,0.49,0.33,0.49,Matches,37dc1a48
272,Dejan Ljubicic,at AUT,MFFW,Köln,25-212,1997,24,17,1507,16.7,4,1,5,4,0,0,1,0,2.3,2.3,1.8,4.1,30,58,78,0.24,0.06,0.30,0.24,0.30,0.14,0.11,0.24,0.14,0.24,Matches,c455a2b2
273,Anthony Losilla,fr FRA,MF,Bochum,37-059,1986,28,28,2450,27.2,1,2,3,1,0,0,5,1,1.6,1.6,1.6,3.2,13,83,38,0.04,0.07,0.11,0.04,0.11,0.06,0.06,0.12,0.06,0.12,Matches,07c7eb0c
274,Dodi Lukebakio,be BEL,FWMF,Hertha BSC,25-226,1997,30,25,2228,24.8,11,2,13,6,5,5,7,0,8.2,4.3,3.9,8.2,87,37,168,0.44,0.08,0.53,0.24,0.32,0.33,0.16,0.49,0.17,0.33,Matches,0c61c77c
275,Andrey Lunyov,ru RUS,GK,Leverkusen,31-176,1991,1,1,90,1.0,0,0,0,0,0,0,0,0,0.0,0.0,0.0,0.0,0,0,0,0.00,0.00,0.00,0.00,0.00,0.00,0.00,0.00,0.00,0.00,Matches,8a6ab963
276,Arne Maier,de GER,MF,Augsburg,24-120,1999,27,22,1819,20.2,4,1,5,4,0,0,3,0,1.4,1.4,1.7,3.1,29,63,72,0.20,0.05,0.25,0.20,0.25,0.07,0.08,0.16,0.07,0.16,Matches,ab700320
277,Linton Maina,de GER,FWMF,Köln,23-319,1999,30,24,2015,22.4,3,5,8,3,0,0,1,0,4.6,4.6,4.7,9.3,77,54,159,0.13,0.22,0.36,0.13,0.36,0.20,0.21,0.41,0.20,0.41,Matches,e5d85da8
278,Donyell Malen,nl NED,FW,Dortmund,24-109,1999,23,19,1487,16.5,8,4,12,8,0,0,0,0,7.3,7.3,3.4,10.7,74,48,154,0.48,0.24,0.73,0.48,0.73,0.44,0.21,0.65,0.44,0.65,Matches,864163f3
279,Sadio Mané,sn SEN,FWMF,Bayern Munich,31-028,1992,23,18,1414,15.7,7,4,11,6,1,2,2,0,8.9,7.2,3.1,10.3,58,43,161,0.45,0.25,0.70,0.38,0.64,0.57,0.20,0.76,0.46,0.66,Matches,c691bfe2
280,Myziane Maolida,fr FRA,FWMF,Hertha BSC,24-083,1999,3,1,95,1.1,0,0,0,0,0,0,0,0,0.0,0.0,0.2,0.2,1,0,9,0.00,0.00,0.00,0.00,0.00,0.00,0.22,0.22,0.00,0.22,Matches,706a60e1
281,Omar Marmoush,eg EGY,FW,Wolfsburg,24-090,1999,30,15,1426,15.8,5,1,6,5,0,0,2,0,5.8,5.8,1.0,6.8,35,49,153,0.32,0.06,0.38,0.32,0.38,0.37,0.06,0.43,0.37,0.43,Matches,0e0102eb
282,Eric Martel,de GER,MF,Köln,21-009,2002,26,20,1794,19.9,1,0,1,1,0,0,5,0,1.4,1.4,0.5,1.9,13,60,40,0.05,0.00,0.05,0.05,0.05,0.07,0.03,0.10,0.07,0.10,Matches,92a16062
283,Aarón Martín,es ESP,DF,Mainz 05,26-016,1997,25,18,1688,18.8,5,3,8,5,0,1,3,0,2.2,1.4,2.8,4.2,25,81,60,0.27,0.16,0.43,0.27,0.43,0.12,0.15,0.26,0.07,0.22,Matches,2f3e911a
284,Erhan Mašović,rs SRB,DFMF,Bochum,24-167,1998,26,20,1918,21.3,4,0,4,4,0,0,3,0,2.5,2.5,0.9,3.4,3,55,4,0.19,0.00,0.19,0.19,0.19,0.12,0.04,0.16,0.12,0.16,Matches,a396fb61
285,Henning Matriciani,de GER,DF,Schalke 04,23-055,2000,20,20,1704,18.9,0,0,0,0,0,0,1,0,0.1,0.1,0.1,0.2,16,41,8,0.00,0.00,0.00,0.00,0.00,0.01,0.00,0.01,0.01,0.01,Matches,ab3f1bdf
286,Konstantinos Mavropanos,gr GRE,DF,Stuttgart,25-148,1997,26,25,2176,24.2,2,1,3,2,0,0,9,1,3.9,3.9,1.0,4.9,29,107,11,0.08,0.04,0.12,0.08,0.12,0.16,0.04,0.20,0.16,0.20,Matches,00963611
287,Philipp Max,de GER,DF,Eint Frankfurt,29-220,1993,9,8,649,7.2,0,1,1,0,0,0,1,0,0.7,0.7,1.5,2.2,13,30,48,0.00,0.14,0.14,0.00,0.14,0.09,0.21,0.30,0.09,0.30,Matches,826e8b63
288,Eric Maxim Choupo-Moting,cm CMR,FW,Bayern Munich,34-046,1989,18,14,1092,12.1,10,2,12,10,0,1,0,0,6.0,5.2,1.8,7.0,10,42,76,0.82,0.16,0.99,0.82,0.99,0.49,0.15,0.64,0.43,0.58,Matches,0e6bc38c
289,Keke Maximilian Topp,de GER,FW,Schalke 04,19-044,2004,1,0,20,0.2,0,0,0,0,0,0,0,0,0.0,0.0,0.0,0.0,1,0,1,0.00,0.00,0.00,0.00,0.00,0.16,0.00,0.16,0.16,0.16,Matches,ebb32f3a
290,Ibrahim Maza,de GER,FW,Hertha BSC,17-165,2005,1,0,26,0.3,0,0,0,0,0,0,0,0,0.0,0.0,0.0,0.0,2,0,1,0.00,0.00,0.00,0.00,0.00,0.00,0.00,0.00,0.00,0.00,Matches,89b3bc5e
291,Noussair Mazraoui,ma MAR,DFFW,Bayern Munich,25-175,1997,16,8,816,9.1,0,4,4,0,0,0,0,0,0.4,0.4,1.7,2.2,32,80,67,0.00,0.44,0.44,0.00,0.44,0.04,0.19,0.24,0.04,0.24,Matches,b74277a0
292,Jean-Manuel Mbom,de GER,MF,Werder Bremen,23-073,2000,1,0,1,0.0,0,0,0,0,0,0,0,0,0.0,0.0,0.0,0.0,0,0,0,0.00,0.00,0.00,0.00,0.00,0.00,0.00,0.00,0.00,0.00,Matches,1a5d7cb9
293,Nathanael Mbuku,fr FRA,MFFW,Augsburg,21-053,2002,2,0,34,0.4,0,0,0,0,0,0,0,0,0.0,0.0,0.0,0.0,1,1,0,0.00,0.00,0.00,0.00,0.00,0.00,0.00,0.00,0.00,0.00,Matches,46750e9c
294,Thomas Meunier,be BEL,DF,Dortmund,31-238,1991,10,7,585,6.5,0,0,0,0,0,0,2,0,0.2,0.2,0.6,0.7,9,30,45,0.00,0.00,0.00,0.00,0.00,0.03,0.09,0.12,0.03,0.12,Matches,e162b013
295,Alexander Meyer,de GER,GK,Dortmund,32-025,1991,7,7,630,7.0,0,0,0,0,0,0,0,0,0.0,0.0,0.0,0.0,0,1,0,0.00,0.00,0.00,0.00,0.00,0.00,0.00,0.00,0.00,0.00,Matches,b56dd813
296,Sven Michel,de GER,FW,Union Berlin,32-297,1990,20,2,467,5.2,3,0,3,2,1,1,2,0,1.6,0.8,0.8,1.6,7,12,47,0.58,0.00,0.58,0.39,0.39,0.31,0.16,0.47,0.16,0.32,Matches,1e274a0a
297,Enzo Millot,fr FRA,MF,Stuttgart,20-295,2002,21,9,852,9.5,0,1,1,0,0,0,3,0,1.0,1.0,1.6,2.6,21,27,57,0.00,0.11,0.11,0.00,0.11,0.11,0.17,0.28,0.11,0.28,Matches,f76022e7
298,Maximilian Mittelstädt,de GER,DFMF,Hertha BSC,26-051,1997,15,6,734,8.2,0,0,0,0,0,0,3,0,0.3,0.3,0.7,1.0,22,32,28,0.00,0.00,0.00,0.00,0.00,0.03,0.09,0.12,0.03,0.12,Matches,88d4144a
299,Anthony Modeste,fr FRA,FW,Dortmund,35-024,1988,18,7,802,8.9,2,1,3,2,0,0,4,0,4.3,4.3,1.1,5.4,3,7,35,0.22,0.11,0.34,0.22,0.34,0.48,0.12,0.61,0.48,0.61,Matches,34e4343c
300,Tobias Mohr,de GER,DFMF,Schalke 04,27-257,1995,16,8,790,8.8,0,2,2,0,0,0,0,0,0.6,0.6,1.1,1.6,20,27,31,0.00,0.23,0.23,0.00,0.23,0.07,0.12,0.19,0.07,0.19,Matches,9ec9c8b6
301,Clinton Mola,eng ENG,DF,Stuttgart,22-054,2001,1,0,15,0.2,0,0,0,0,0,0,1,0,0.0,0.0,0.0,0.0,0,0,0,0.00,0.00,0.00,0.00,0.00,0.00,0.00,0.00,0.00,0.00,Matches,29ddfb9c
302,Florent Mollet,fr FRA,MF,Schalke 04,31-170,1991,9,4,410,4.6,1,0,1,1,0,0,1,0,0.4,0.4,0.4,0.7,6,14,24,0.22,0.00,0.22,0.22,0.22,0.08,0.08,0.16,0.08,0.16,Matches,7e82a78f
303,Youssoufa Moukoko,de GER,FW,Dortmund,18-169,2004,24,11,1084,12.0,7,3,10,7,0,0,0,0,6.3,6.3,1.2,7.5,7,11,55,0.58,0.25,0.83,0.58,0.83,0.52,0.10,0.62,0.52,0.62,Matches,6ce43701
304,Florian Müller,de GER,GK,Stuttgart,25-176,1997,19,19,1710,19.0,0,0,0,0,0,0,0,0,0.0,0.0,0.1,0.1,0,2,0,0.00,0.00,0.00,0.00,0.00,0.00,0.00,0.00,0.00,0.00,Matches,cbac6ec9
305,Thomas Müller,de GER,FWMF,Bayern Munich,33-237,1989,24,18,1424,15.8,6,7,13,6,0,0,0,0,6.9,6.9,6.3,13.1,33,81,166,0.38,0.44,0.82,0.38,0.82,0.43,0.40,0.83,0.43,0.83,Matches,3c6089ab
306,Jamal Musiala,de GER,MFFW,Bayern Munich,20-071,2003,30,24,2018,22.4,11,9,20,11,0,0,1,0,7.3,7.3,5.8,13.1,78,106,181,0.49,0.40,0.89,0.49,0.89,0.33,0.26,0.58,0.33,0.58,Matches,2c0558b8
307,Suliman Mustapha,at AUT,FWMF,Mainz 05,21-349,2001,5,0,68,0.8,0,0,0,0,0,0,1,0,0.1,0.1,0.0,0.1,5,2,7,0.00,0.00,0.00,0.00,0.00,0.19,0.00,0.19,0.19,0.19,Matches,9ff8ec4a
308,Obite N'Dicka,fr FRA,DF,Eint Frankfurt,23-261,1999,27,27,2422,26.9,1,0,1,1,0,0,4,0,1.2,1.2,0.2,1.5,15,82,5,0.04,0.00,0.04,0.04,0.04,0.05,0.01,0.05,0.05,0.05,Matches,441197b8
309,Nathan N'Goumou,fr FRA,FW,M'Gladbach,23-055,2000,18,6,616,6.8,1,0,1,1,0,0,0,0,0.8,0.8,0.3,1.1,21,13,58,0.15,0.00,0.15,0.15,0.15,0.11,0.05,0.16,0.11,0.16,Matches,e110ea4b
310,Stanley N'Soki,fr FRA,DF,Hoffenheim,24-029,1999,18,13,1223,13.6,1,0,1,1,0,0,2,1,0.5,0.5,0.3,0.8,17,61,10,0.07,0.00,0.07,0.07,0.07,0.04,0.02,0.06,0.04,0.06,Matches,61590953
311,Nikolas Nartey,dk DEN,DFMF,Stuttgart,23-075,2000,8,4,388,4.3,0,0,0,0,0,0,1,0,0.3,0.3,0.2,0.5,7,19,18,0.00,0.00,0.00,0.00,0.00,0.07,0.05,0.12,0.07,0.12,Matches,30261ba1
312,Luca Netz,de GER,DF,M'Gladbach,19-358,2003,17,5,531,5.9,0,2,2,0,0,0,0,0,0.0,0.0,1.1,1.1,8,8,24,0.00,0.34,0.34,0.00,0.34,0.00,0.18,0.18,0.00,0.18,Matches,e79269bd
313,Manuel Neuer,de GER,GK,Bayern Munich,37-042,1986,12,12,1080,12.0,0,0,0,0,0,0,0,0,0.2,0.2,0.0,0.2,0,1,0,0.00,0.00,0.00,0.00,0.00,0.02,0.00,0.02,0.02,0.02,Matches,8778c910
314,Florian Neuhaus,de GER,MF,M'Gladbach,26-053,1997,21,14,1249,13.9,1,0,1,1,0,0,2,0,1.8,1.8,2.1,3.9,21,68,50,0.07,0.00,0.07,0.07,0.07,0.13,0.15,0.28,0.13,0.28,Matches,36a59ba4
315,Jessic Ngankam,de GER,FWMF,Hertha BSC,22-292,2000,16,7,751,8.3,4,0,4,3,1,1,4,0,3.6,2.8,0.3,3.1,9,6,39,0.48,0.00,0.48,0.36,0.36,0.43,0.04,0.47,0.33,0.37,Matches,bc249af8
316,Florian Niederlechner,de GER,FWMF,Augsburg,32-196,1990,14,10,910,10.1,4,1,5,4,0,0,1,0,2.9,2.9,0.4,3.3,1,18,51,0.40,0.10,0.49,0.40,0.49,0.28,0.04,0.33,0.28,0.33,Matches,d6862409
317,Florian Niederlechner,de GER,FW,Hertha BSC,32-196,1990,13,9,646,7.2,1,0,1,1,0,0,2,0,1.7,1.7,0.1,1.8,9,9,19,0.14,0.00,0.14,0.14,0.14,0.23,0.02,0.25,0.23,0.25,Matches,d6862409
318,Justin Njinmah,de GER,FW,Dortmund,22-174,2000,1,0,22,0.2,0,0,0,0,0,0,0,0,0.0,0.0,0.0,0.0,1,0,4,0.00,0.00,0.00,0.00,0.00,0.00,0.00,0.00,0.00,0.00,Matches,a45241d5
319,Christopher Nkunku,fr FRA,FWMF,RB Leipzig,25-175,1997,22,17,1627,18.1,13,1,14,11,2,3,3,0,11.7,9.4,2.6,11.9,37,65,146,0.72,0.06,0.77,0.61,0.66,0.65,0.14,0.79,0.52,0.66,Matches,7c56da38
320,Felix Nmecha,de GER,MF,Wolfsburg,22-210,2000,27,16,1612,17.9,3,4,7,3,0,0,3,0,2.5,2.5,2.8,5.3,19,71,45,0.17,0.22,0.39,0.17,0.39,0.14,0.16,0.29,0.14,0.29,Matches,091c86e2
321,Lukas Nmecha,de GER,FW,Wolfsburg,24-145,1998,16,10,899,10.0,4,0,4,4,0,0,3,0,3.0,3.0,0.5,3.5,15,18,70,0.40,0.00,0.40,0.40,0.40,0.30,0.05,0.35,0.30,0.35,Matches,0cc5f4a5
322,Hugo Novoa,es ESP,DFFW,RB Leipzig,20-127,2003,7,2,184,2.0,1,0,1,1,0,0,0,0,0.9,0.9,0.0,0.9,5,4,20,0.49,0.00,0.49,0.49,0.49,0.43,0.02,0.45,0.43,0.45,Matches,5458f670
323,Ørjan Nyland,no NOR,GK,RB Leipzig,32-240,1990,1,1,90,1.0,0,0,0,0,0,0,0,0,0.0,0.0,0.0,0.0,0,0,0,0.00,0.00,0.00,0.00,0.00,0.00,0.00,0.00,0.00,0.00,Matches,bdedffac
324,Tim Oermann,de GER,DF,Bochum,19-214,2003,4,2,194,2.2,0,0,0,0,0,0,0,0,0.0,0.0,0.0,0.0,0,0,0,0.00,0.00,0.00,0.00,0.00,0.00,0.00,0.00,0.00,0.00,Matches,57ec75bf
325,Finn Ole Becker,de GER,MF,Hoffenheim,22-334,2000,10,4,372,4.1,0,0,0,0,0,0,0,0,0.4,0.4,0.3,0.6,6,15,10,0.00,0.00,0.00,0.00,0.00,0.09,0.06,0.15,0.09,0.15,Matches,dd2e62da
326,Mathias Olesen,lu LUX,MF,Köln,22-048,2001,14,6,478,5.3,0,0,0,0,0,0,1,0,0.0,0.0,0.1,0.1,2,15,11,0.00,0.00,0.00,0.00,0.00,0.00,0.02,0.02,0.00,0.02,Matches,86adbcc7
327,Dani Olmo,es ESP,MFFW,RB Leipzig,25-001,1998,21,13,1106,12.3,2,4,6,2,0,0,2,0,2.6,2.6,3.3,6.0,29,61,80,0.16,0.33,0.49,0.16,0.49,0.22,0.27,0.48,0.22,0.48,Matches,ae44e8e2
328,Jonas Omlin,ch SUI,GK,M'Gladbach,29-118,1994,14,14,1200,13.3,0,0,0,0,0,0,0,0,0.0,0.0,0.1,0.1,0,0,0,0.00,0.00,0.00,0.00,0.00,0.00,0.00,0.00,0.00,0.00,Matches,c631f952
329,Karim Onisiwo,at AUT,FWMF,Mainz 05,31-052,1992,28,25,2270,25.2,9,2,11,9,0,0,4,0,6.7,6.7,3.1,9.9,62,43,196,0.36,0.08,0.44,0.36,0.44,0.27,0.12,0.39,0.27,0.39,Matches,f26834c7
330,Willi Orban,hu HUN,DF,RB Leipzig,30-186,1992,30,30,2681,29.8,3,0,3,3,0,0,3,0,2.8,2.8,0.3,3.1,15,136,9,0.10,0.00,0.10,0.10,0.10,0.09,0.01,0.10,0.09,0.10,Matches,20030c06
331,Ivan Ordets,ua UKR,DF,Bochum,30-304,1992,27,25,2179,24.2,0,0,0,0,0,0,4,0,1.3,1.3,0.5,1.8,2,48,12,0.00,0.00,0.00,0.00,0.00,0.05,0.02,0.08,0.05,0.08,Matches,86c75897
332,Jordi Osei-Tutu,eng ENG,DFFW,Bochum,24-218,1998,20,8,749,8.3,0,0,0,0,0,0,3,0,0.7,0.7,0.2,0.8,25,19,39,0.00,0.00,0.00,0.00,0.00,0.08,0.02,0.10,0.08,0.10,Matches,0a16eb36
333,Patrick Osterhage,de GER,MF,Bochum,23-096,2000,22,11,994,11.0,0,0,0,0,0,0,2,0,0.3,0.3,0.2,0.4,6,24,23,0.00,0.00,0.00,0.00,0.00,0.02,0.02,0.04,0.02,0.04,Matches,9662c9ec
334,Paulo Otávio,br BRA,DF,Wolfsburg,28-166,1994,25,25,2041,22.7,0,5,5,0,0,0,7,0,0.8,0.8,2.7,3.5,41,98,84,0.00,0.22,0.22,0.00,0.22,0.04,0.12,0.16,0.04,0.16,Matches,1cbe4984
335,Thomas Ouwejan,nl NED,DF,Schalke 04,26-220,1996,15,10,876,9.7,0,1,1,0,0,0,1,0,0.1,0.1,1.2,1.4,14,41,19,0.00,0.10,0.10,0.00,0.10,0.01,0.13,0.14,0.01,0.14,Matches,36d9dabe
336,Reece Oxford,eng ENG,DF,Augsburg,24-143,1998,3,1,94,1.0,0,0,0,0,0,0,0,0,0.0,0.0,0.1,0.1,0,4,0,0.00,0.00,0.00,0.00,0.00,0.00,0.06,0.06,0.00,0.06,Matches,8b6e0db2
337,Salih Özcan,tr TUR,MF,Dortmund,25-117,1998,24,17,1525,16.9,0,1,1,0,0,0,6,0,0.2,0.2,0.4,0.6,6,75,21,0.00,0.06,0.06,0.00,0.06,0.01,0.03,0.04,0.01,0.04,Matches,15413fa5
338,Levin Öztunalı,de GER,MF,Union Berlin,27-054,1996,2,0,9,0.1,0,1,1,0,0,0,0,0,0.0,0.0,0.2,0.2,1,1,0,0.00,10.00,10.00,0.00,10.00,0.00,1.91,1.91,0.00,1.91,Matches,66385c46
339,Exequiel Palacios,ar ARG,MF,Leverkusen,24-215,1998,22,16,1384,15.4,3,2,5,1,2,2,2,0,2.1,0.5,1.3,1.8,8,90,26,0.20,0.13,0.33,0.07,0.20,0.14,0.08,0.22,0.03,0.12,Matches,e82adcab
340,Miloš Pantović,rs SRB,MF,Union Berlin,26-305,1996,13,0,206,2.3,1,0,1,1,0,1,1,0,1.4,0.6,0.0,0.6,2,4,4,0.44,0.00,0.44,0.44,0.44,0.60,0.00,0.60,0.25,0.25,Matches,5dc15574
341,Antonios Papadopoulos,de GER,DF,Dortmund,23-240,1999,1,0,13,0.1,0,0,0,0,0,0,0,0,0.0,0.0,0.0,0.0,1,1,0,0.00,0.00,0.00,0.00,0.00,0.10,0.00,0.10,0.10,0.10,Matches,13d23b29
342,Kevin Paredes,us USA,FWMF,Wolfsburg,20-001,2003,20,1,495,5.5,1,3,4,1,0,0,2,0,0.1,0.1,1.5,1.7,22,26,34,0.18,0.55,0.73,0.18,0.73,0.03,0.28,0.31,0.03,0.31,Matches,5c50fdbc
343,Marco Pašalić,hr CRO,MF,Dortmund,22-236,2000,1,0,11,0.1,0,0,0,0,0,0,0,0,0.0,0.0,0.0,0.0,2,3,2,0.00,0.00,0.00,0.00,0.00,0.40,0.00,0.40,0.40,0.40,Matches,1866b0f1
344,Felix Passlack,de GER,DF,Dortmund,24-344,1998,3,0,64,0.7,0,0,0,0,0,0,0,0,0.0,0.0,0.4,0.4,1,8,3,0.00,0.00,0.00,0.00,0.00,0.00,0.56,0.56,0.00,0.56,Matches,5c899683
345,Paulinho,br BRA,FW,Leverkusen,22-297,2000,4,1,82,0.9,1,0,1,1,0,0,0,0,0.5,0.5,0.0,0.5,3,4,8,1.10,0.00,1.10,1.10,1.10,0.58,0.00,0.58,0.58,0.58,Matches,53070b63
346,Benjamin Pavard,fr FRA,DF,Bayern Munich,27-041,1996,27,24,2161,24.0,4,1,5,4,0,0,5,0,2.3,2.3,2.3,4.6,36,187,65,0.17,0.04,0.21,0.17,0.21,0.10,0.09,0.19,0.10,0.19,Matches,45a03961
347,Jiří Pavlenka,cz CZE,GK,Werder Bremen,31-024,1992,30,30,2638,29.3,0,0,0,0,0,0,0,0,0.0,0.0,0.0,0.0,0,0,0,0.00,0.00,0.00,0.00,0.00,0.00,0.00,0.00,0.00,0.00,Matches,0a1cb833
348,Kristian Pedersen,dk DEN,DF,Köln,28-277,1994,5,3,267,3.0,0,0,0,0,0,0,1,0,0.1,0.1,0.1,0.2,6,10,2,0.00,0.00,0.00,0.00,0.00,0.03,0.02,0.06,0.03,0.06,Matches,5154b2ba
349,Mads Pedersen,dk DEN,DFMF,Augsburg,26-249,1996,25,17,1613,17.9,0,0,0,0,0,0,5,0,0.4,0.4,0.8,1.1,27,37,45,0.00,0.00,0.00,0.00,0.00,0.02,0.04,0.06,0.02,0.06,Matches,582a5247
350,Jordan Pefok,us USA,FW,Union Berlin,27-012,1996,28,16,1307,14.5,4,4,8,4,0,2,3,0,4.3,2.7,1.8,4.5,4,25,50,0.28,0.28,0.55,0.28,0.55,0.29,0.12,0.42,0.19,0.31,Matches,b684a484
351,Peter Pekarík,sk SVK,DF,Hertha BSC,36-190,1986,4,2,178,2.0,0,0,0,0,0,0,0,0,0.0,0.0,0.0,0.0,2,6,1,0.00,0.00,0.00,0.00,0.00,0.00,0.01,0.01,0.00,0.01,Matches,c18d22f5
352,Luca Pellegrini,it ITA,DF,Eint Frankfurt,24-062,1999,9,7,557,6.2,0,0,0,0,0,0,1,0,0.6,0.6,0.8,1.4,19,22,28,0.00,0.00,0.00,0.00,0.00,0.09,0.14,0.23,0.09,0.23,Matches,3b61c9ec
353,Ricardo Pepi,us USA,FW,Augsburg,20-119,2003,4,1,95,1.1,0,0,0,0,0,0,0,0,0.1,0.1,0.1,0.2,2,1,4,0.00,0.00,0.00,0.00,0.00,0.09,0.06,0.14,0.09,0.14,Matches,a2b1ed42
354,Juan Perea,co COL,FW,Stuttgart,23-074,2000,16,3,418,4.6,1,0,1,1,0,0,0,0,0.2,0.2,0.7,0.9,9,8,29,0.22,0.00,0.22,0.22,0.22,0.04,0.14,0.18,0.04,0.18,Matches,ff3d391c
355,Nils Petersen,de GER,FW,Freiburg,34-153,1988,26,0,256,2.8,0,0,0,0,0,0,1,0,0.8,0.8,0.0,0.8,1,4,12,0.00,0.00,0.00,0.00,0.00,0.28,0.01,0.28,0.28,0.28,Matches,f93e6e94
356,Lukas Petkov,de GER,MFFW,Augsburg,22-188,2000,7,0,146,1.6,0,0,0,0,0,0,1,0,0.0,0.0,0.0,0.0,1,2,2,0.00,0.00,0.00,0.00,0.00,0.02,0.00,0.02,0.02,0.02,Matches,f503ef6e
357,Luca Pfeiffer,de GER,FW,Stuttgart,26-261,1996,18,6,688,7.6,0,0,0,0,0,0,1,1,1.6,1.6,1.0,2.6,9,20,38,0.00,0.00,0.00,0.00,0.00,0.21,0.13,0.34,0.21,0.34,Matches,83e1f40e
358,Maximilian Philipp,de GER,FW,Wolfsburg,29-068,1994,3,1,116,1.3,0,0,0,0,0,0,0,0,0.1,0.1,0.0,0.1,3,1,6,0.00,0.00,0.00,0.00,0.00,0.05,0.03,0.08,0.05,0.08,Matches,061e8e23
359,Maximilian Philipp,de GER,FWMF,Werder Bremen,29-068,1994,12,3,359,4.0,1,0,1,1,0,0,0,0,1.8,1.8,0.2,2.0,3,5,22,0.25,0.00,0.25,0.25,0.25,0.46,0.04,0.50,0.46,0.50,Matches,061e8e23
360,Amos Pieper,de GER,DF,Werder Bremen,25-111,1998,29,22,1957,21.7,2,1,3,2,0,0,9,0,0.7,0.7,0.3,1.1,14,84,4,0.09,0.05,0.14,0.09,0.14,0.03,0.02,0.05,0.03,0.05,Matches,526ea7cc
361,Marvin Plattenhardt,de GER,DF,Hertha BSC,31-102,1992,28,27,2275,25.3,0,2,2,0,0,0,2,0,0.3,0.3,3.0,3.3,23,80,48,0.00,0.08,0.08,0.00,0.08,0.01,0.12,0.13,0.01,0.13,Matches,f7aa75bd
362,Alassane Pléa,fr FRA,FW,M'Gladbach,30-059,1993,27,20,1739,19.3,2,9,11,1,1,2,5,0,5.0,3.4,4.0,7.4,38,89,152,0.10,0.47,0.57,0.05,0.52,0.26,0.21,0.46,0.18,0.38,Matches,bc6bd723
363,Joel Pohjanpalo,fi FIN,FWMF,Leverkusen,28-237,1994,1,0,4,0.0,0,0,0,0,0,0,0,0,0.0,0.0,0.0,0.0,0,0,0,0.00,0.00,0.00,0.00,0.00,0.00,0.00,0.00,0.00,0.00,Matches,ea003d07
364,Sebastian Polter,de GER,FWMF,Schalke 04,32-037,1991,16,4,499,5.5,1,3,4,1,0,0,2,0,1.3,1.3,0.9,2.2,2,8,30,0.18,0.54,0.72,0.18,0.72,0.23,0.16,0.39,0.23,0.39,Matches,3745e8bd
365,Stefan Posch,at AUT,DF,Hoffenheim,25-359,1997,1,1,18,0.2,0,0,0,0,0,0,2,1,0.0,0.0,0.0,0.0,0,0,0,0.00,0.00,0.00,0.00,0.00,0.00,0.00,0.00,0.00,0.00,Matches,7f609bfc
366,Yussuf Poulsen,dk DEN,FW,RB Leipzig,28-327,1994,17,3,366,4.1,1,1,2,1,0,0,1,0,0.8,0.8,1.7,2.5,8,4,30,0.25,0.25,0.49,0.25,0.49,0.20,0.42,0.62,0.20,0.62,Matches,d2416c2e
367,Grischa Prömel,de GER,MF,Hoffenheim,28-119,1995,15,14,1190,13.2,1,1,2,1,0,0,3,0,2.4,2.4,1.1,3.5,15,33,40,0.08,0.08,0.15,0.08,0.15,0.18,0.08,0.27,0.18,0.27,Matches,924f9191
368,Tymoteusz Puchacz,pl POL,DF,Union Berlin,24-105,1999,1,1,58,0.6,0,0,0,0,0,0,0,0,0.0,0.0,0.0,0.0,0,2,9,0.00,0.00,0.00,0.00,0.00,0.00,0.01,0.01,0.00,0.01,Matches,c68b1b13
369,Eduardo Quaresma,pt POR,DF,Hoffenheim,21-067,2002,4,1,88,1.0,0,0,0,0,0,0,0,0,0.0,0.0,0.0,0.0,4,10,0,0.00,0.00,0.00,0.00,0.00,0.00,0.00,0.00,0.00,0.00,Matches,7ec723b7
370,Joshua Quarshie,de GER,MF,Hoffenheim,18-286,2004,1,0,1,0.0,0,0,0,0,0,0,0,0,0.0,0.0,0.0,0.0,0,0,0,0.00,0.00,0.00,0.00,0.00,0.00,0.00,0.00,0.00,0.00,Matches,3c200e05
371,Diant Ramaj,de GER,GK,Eint Frankfurt,21-231,2001,1,1,90,1.0,0,0,0,0,0,0,0,0,0.0,0.0,0.0,0.0,0,0,0,0.00,0.00,0.00,0.00,0.00,0.00,0.00,0.00,0.00,0.00,Matches,b90c4a43
372,Nicolai Rapp,de GER,MFDF,Werder Bremen,26-146,1996,7,0,71,0.8,0,0,0,0,0,0,0,0,0.1,0.1,0.0,0.1,1,5,0,0.00,0.00,0.00,0.00,0.00,0.10,0.00,0.10,0.10,0.10,Matches,c8b3a472
373,David Raum,de GER,DFMF,RB Leipzig,25-016,1998,27,19,1655,18.4,0,2,2,0,0,0,5,0,0.6,0.6,4.6,5.2,44,68,125,0.00,0.11,0.11,0.00,0.11,0.03,0.25,0.28,0.03,0.28,Matches,7d450ed3
374,Rocco Reitz,de GER,MF,M'Gladbach,20-344,2002,1,0,3,0.0,0,0,0,0,0,0,0,0,0.0,0.0,0.0,0.0,0,0,0,0.00,0.00,0.00,0.00,0.00,0.00,0.00,0.00,0.00,0.00,Matches,cc971106
375,Marco Reus,de GER,MFFW,Dortmund,33-342,1989,22,14,1268,14.1,6,4,10,5,1,1,4,0,4.6,3.8,2.1,5.9,30,37,73,0.43,0.28,0.71,0.35,0.64,0.32,0.15,0.48,0.27,0.42,Matches,36a3ff67
376,Elvis Rexhbeçaj,de GER,MF,Augsburg,25-188,1997,28,27,2336,26.0,0,0,0,0,0,0,6,0,0.3,0.3,0.7,1.1,14,89,20,0.00,0.00,0.00,0.00,0.00,0.01,0.03,0.04,0.01,0.04,Matches,1ae836b1
377,Gio Reyna,us USA,FWMF,Dortmund,20-176,2002,19,4,574,6.4,6,0,6,5,1,1,2,0,3.1,2.3,1.0,3.2,20,22,50,0.94,0.00,0.94,0.78,0.78,0.48,0.15,0.63,0.36,0.51,Matches,7fa4e703
378,Marco Richter,de GER,MFFW,Hertha BSC,25-165,1997,26,18,1594,17.7,5,4,9,5,0,0,6,0,3.5,3.5,2.4,5.9,32,57,82,0.28,0.23,0.51,0.28,0.51,0.20,0.14,0.33,0.20,0.33,Matches,f972644c
379,Manuel Riemann,de GER,GK,Bochum,34-241,1988,31,31,2790,31.0,0,0,0,0,0,0,2,0,0.0,0.0,0.1,0.1,1,17,0,0.00,0.00,0.00,0.00,0.00,0.00,0.00,0.00,0.00,0.00,Matches,9f941969
380,Sebastian Rode,de GER,MF,Eint Frankfurt,32-209,1990,25,17,1272,14.1,4,1,5,4,0,0,6,0,0.9,0.9,0.9,1.8,21,93,34,0.28,0.07,0.35,0.28,0.35,0.06,0.06,0.13,0.06,0.13,Matches,e12b0b5b
381,Agustín Rogel,uy URU,DF,Hertha BSC,25-203,1997,18,13,1257,14.0,0,1,1,0,0,0,6,0,0.8,0.8,0.0,0.8,1,21,2,0.00,0.07,0.07,0.00,0.07,0.06,0.00,0.06,0.06,0.06,Matches,ea42c03f
382,Merlin Röhl,de GER,MFFW,Freiburg,20-307,2002,3,0,57,0.6,0,1,1,0,0,0,0,0,0.0,0.0,0.5,0.5,2,1,4,0.00,1.58,1.58,0.00,1.58,0.00,0.73,0.73,0.00,0.73,Matches,1f2c7b55
383,Tom Rothe,de GER,DF,Dortmund,18-191,2004,2,0,26,0.3,0,0,0,0,0,0,0,0,0.1,0.1,0.0,0.1,0,0,2,0.00,0.00,0.00,0.00,0.00,0.26,0.00,0.26,0.26,0.26,Matches,90c1f9a4
384,Jérôme Roussillon,fr FRA,MFDF,Wolfsburg,30-122,1993,4,0,22,0.2,0,0,0,0,0,0,0,0,0.0,0.0,0.0,0.0,0,0,2,0.00,0.00,0.00,0.00,0.00,0.00,0.08,0.08,0.00,0.08,Matches,13203c45
385,Jérôme Roussillon,fr FRA,DF,Union Berlin,30-122,1993,13,8,694,7.7,0,2,2,0,0,0,1,0,0.4,0.4,1.0,1.4,15,26,29,0.00,0.26,0.26,0.00,0.26,0.06,0.13,0.18,0.06,0.18,Matches,13203c45
386,Sebastian Rudy,de GER,MF,Hoffenheim,33-069,1990,19,4,617,6.9,0,1,1,0,0,0,3,0,0.1,0.1,0.5,0.6,6,34,5,0.00,0.15,0.15,0.00,0.15,0.01,0.08,0.09,0.01,0.09,Matches,80f36c88
387,Georginio Rutter,fr FRA,FW,Hoffenheim,21-018,2002,15,11,1009,11.2,2,2,4,2,0,0,2,0,3.0,3.0,2.3,5.4,32,25,75,0.18,0.18,0.36,0.18,0.36,0.27,0.21,0.48,0.27,0.48,Matches,c64c01fc
388,Julian Ryerson,no NOR,DF,Union Berlin,25-172,1997,13,12,1037,11.5,0,0,0,0,0,0,2,0,0.7,0.7,0.5,1.2,20,32,32,0.00,0.00,0.00,0.00,0.00,0.06,0.04,0.10,0.06,0.10,Matches,009a4f60
389,Julian Ryerson,no NOR,DF,Dortmund,25-172,1997,14,14,1183,13.1,1,1,2,1,0,0,2,0,0.5,0.5,1.1,1.6,42,44,52,0.08,0.08,0.15,0.08,0.15,0.03,0.08,0.12,0.03,0.12,Matches,009a4f60
390,Frederik Rønnow,dk DEN,GK,Union Berlin,30-277,1992,26,26,2340,26.0,0,1,1,0,0,0,2,0,0.0,0.0,0.0,0.0,0,0,0,0.00,0.04,0.04,0.00,0.04,0.00,0.00,0.00,0.00,0.00,Matches,a70b8345
391,Marcel Sabitzer,at AUT,MF,Bayern Munich,29-052,1994,15,7,628,7.0,1,1,2,1,0,0,2,0,1.1,1.1,0.4,1.4,7,52,19,0.14,0.14,0.29,0.14,0.29,0.15,0.05,0.20,0.15,0.20,Matches,e280527c
392,Dikeni Salifou,tg TOG,MF,Werder Bremen,19-334,2003,1,0,1,0.0,0,0,0,0,0,0,0,0,0.0,0.0,0.0,0.0,0,0,0,0.00,0.00,0.00,0.00,0.00,0.00,0.00,0.00,0.00,0.00,Matches,e1830c52
393,Roland Sallai,hu HUN,MFFW,Freiburg,25-351,1997,16,8,764,8.5,1,1,2,1,0,0,5,0,2.4,2.4,0.6,2.9,15,11,53,0.12,0.12,0.24,0.12,0.24,0.28,0.07,0.34,0.28,0.34,Matches,bf075f6b
394,Diadie Samassékou,ml MLI,MFFW,Hoffenheim,27-117,1996,2,1,34,0.4,0,0,0,0,0,0,1,0,0.0,0.0,0.0,0.0,0,1,1,0.00,0.00,0.00,0.00,0.00,0.00,0.00,0.00,0.00,0.00,Matches,08593525
395,Leroy Sané,de GER,MFFW,Bayern Munich,27-117,1996,29,18,1808,20.1,8,5,13,8,0,0,4,0,7.5,7.5,3.7,11.2,64,123,179,0.40,0.25,0.65,0.40,0.65,0.37,0.18,0.56,0.37,0.56,Matches,2b114be3
396,Sidi Sané,de GER,FW,Schalke 04,20-017,2003,1,0,25,0.3,0,0,0,0,0,0,0,0,0.0,0.0,0.0,0.0,0,0,0,0.00,0.00,0.00,0.00,0.00,0.00,0.00,0.00,0.00,0.00,Matches,6a52a6c6
397,Bouna Sarr,sn SEN,FW,Bayern Munich,31-097,1992,1,0,3,0.0,0,0,0,0,0,0,0,0,0.0,0.0,0.0,0.0,0,0,0,0.00,0.00,0.00,0.00,0.00,0.00,0.00,0.00,0.00,0.00,Matches,1a4b9094
398,Joe Scally,us USA,DF,M'Gladbach,20-128,2002,28,25,2208,24.5,0,0,0,0,0,0,2,0,0.5,0.5,1.8,2.3,29,57,60,0.00,0.00,0.00,0.00,0.00,0.02,0.07,0.09,0.02,0.09,Matches,236f02cd
399,Kevin Schade,de GER,FWMF,Freiburg,21-162,2001,8,1,182,2.0,1,0,1,1,0,0,0,0,0.2,0.2,0.0,0.2,7,3,20,0.49,0.00,0.49,0.49,0.49,0.12,0.00,0.12,0.12,0.12,Matches,52afb588
400,András Schäfer,hu HUN,MF,Union Berlin,24-025,1999,15,9,798,8.9,0,0,0,0,0,0,0,0,0.4,0.4,0.2,0.6,15,25,18,0.00,0.00,0.00,0.00,0.00,0.04,0.02,0.06,0.04,0.06,Matches,049751d7
401,Derry Scherhant,de GER,FWMF,Hertha BSC,20-179,2002,9,2,240,2.7,1,0,1,1,0,0,0,0,0.2,0.2,0.1,0.3,4,1,13,0.37,0.00,0.37,0.37,0.37,0.08,0.04,0.12,0.08,0.12,Matches,93cba339
402,Patrik Schick,cz CZE,FW,Leverkusen,27-104,1996,14,10,941,10.5,3,1,4,3,0,0,0,0,4.6,4.6,0.6,5.1,8,11,68,0.29,0.10,0.38,0.29,0.38,0.44,0.05,0.49,0.44,0.49,Matches,5d4f7d61
403,Kingsley Schindler,gh GHA,DFMF,Köln,29-300,1993,26,7,977,10.9,0,1,1,0,0,0,4,0,1.7,1.7,0.6,2.3,15,38,65,0.00,0.09,0.09,0.00,0.09,0.16,0.05,0.21,0.16,0.21,Matches,bd527260
404,Xaver Schlager,at AUT,MF,RB Leipzig,25-222,1997,20,16,1467,16.3,1,1,2,1,0,0,2,0,0.3,0.3,0.6,0.9,21,72,11,0.06,0.06,0.12,0.06,0.12,0.02,0.04,0.05,0.02,0.05,Matches,8f056768
405,Keven Schlotterbeck,de GER,DF,Freiburg,26-010,1997,2,0,14,0.2,0,0,0,0,0,0,0,0,0.0,0.0,0.0,0.0,0,0,0,0.00,0.00,0.00,0.00,0.00,0.00,0.00,0.00,0.00,0.00,Matches,f6bdc830
406,Keven Schlotterbeck,de GER,DF,Bochum,26-010,1997,10,8,688,7.6,1,0,1,1,0,0,3,0,1.3,1.3,0.5,1.8,0,20,3,0.13,0.00,0.13,0.13,0.13,0.17,0.07,0.24,0.17,0.24,Matches,f6bdc830
407,Nico Schlotterbeck,de GER,DF,Dortmund,23-158,1999,27,27,2251,25.0,4,4,8,4,0,0,3,0,1.6,1.6,1.5,3.1,39,158,14,0.16,0.16,0.32,0.16,0.32,0.06,0.06,0.12,0.06,0.12,Matches,34e12499
408,Jonathan Schmid,fr FRA,DF,Freiburg,32-320,1990,2,0,40,0.4,0,0,0,0,0,0,0,0,0.3,0.3,0.1,0.4,1,1,6,0.00,0.00,0.00,0.00,0.00,0.70,0.20,0.90,0.70,0.90,Matches,088ca1bd
409,Romano Schmid,at AUT,MFFW,Werder Bremen,23-101,2000,24,13,1300,14.4,0,3,3,0,0,0,3,0,0.6,0.6,2.0,2.7,31,69,69,0.00,0.21,0.21,0.00,0.21,0.04,0.14,0.18,0.04,0.18,Matches,220ace7e
410,Kenneth Schmidt,de GER,DF,Freiburg,20-339,2002,2,1,64,0.7,0,0,0,0,0,0,0,0,0.0,0.0,0.0,0.0,2,6,0,0.00,0.00,0.00,0.00,0.00,0.00,0.00,0.00,0.00,0.00,Matches,7d31f1cb
411,Niklas Schmidt,de GER,MF,Werder Bremen,25-068,1998,21,10,1006,11.2,3,0,3,3,0,0,3,0,1.5,1.5,1.3,2.8,25,63,43,0.27,0.00,0.27,0.27,0.27,0.14,0.11,0.25,0.14,0.25,Matches,b9ae8560
412,Benno Schmitz,de GER,DF,Köln,28-172,1994,29,28,2282,25.4,1,0,1,1,0,0,5,0,0.4,0.4,2.4,2.8,46,138,121,0.04,0.00,0.04,0.04,0.04,0.02,0.10,0.11,0.02,0.11,Matches,ad00b1a8
413,Marvin Schwäbe,de GER,GK,Köln,28-013,1995,31,31,2790,31.0,0,0,0,0,0,0,1,0,0.0,0.0,0.0,0.0,0,1,0,0.00,0.00,0.00,0.00,0.00,0.00,0.00,0.00,0.00,0.00,Matches,87436846
414,Alexander Schwolow,de GER,GK,Schalke 04,30-340,1992,21,20,1855,20.6,0,0,0,0,0,0,1,0,0.1,0.1,0.1,0.2,0,0,0,0.00,0.00,0.00,0.00,0.00,0.00,0.00,0.01,0.00,0.01,Matches,0d55d942
415,Paul Seguin,de GER,MF,Union Berlin,28-040,1995,19,4,663,7.4,1,3,4,1,0,0,4,0,1.2,1.2,2.0,3.2,13,40,28,0.14,0.41,0.54,0.14,0.54,0.16,0.27,0.43,0.16,0.43,Matches,8872ed17
416,Davie Selke,de GER,FW,Hertha BSC,28-108,1995,13,3,282,3.1,1,1,2,0,1,1,1,0,1.2,0.4,0.9,1.3,3,5,22,0.32,0.32,0.64,0.00,0.32,0.39,0.28,0.66,0.14,0.41,Matches,1238a3f9
417,Davie Selke,de GER,FW,Köln,28-108,1995,14,10,755,8.4,4,0,4,4,0,0,2,0,2.5,2.5,0.7,3.2,7,15,38,0.48,0.00,0.48,0.48,0.48,0.29,0.09,0.38,0.29,0.38,Matches,1238a3f9
418,Suat Serdar,de GER,MF,Hertha BSC,26-027,1997,29,22,1861,20.7,4,2,6,4,0,0,5,0,1.9,1.9,1.3,3.3,31,74,46,0.19,0.10,0.29,0.19,0.29,0.09,0.06,0.16,0.09,0.16,Matches,b3325a30
419,Kiliann Sildillia,fr FRA,DFMF,Freiburg,20-357,2002,26,22,1925,21.4,0,2,2,0,0,0,4,1,0.8,0.8,0.7,1.6,19,71,44,0.00,0.09,0.09,0.00,0.09,0.04,0.03,0.07,0.04,0.07,Matches,313254a3
420,André Silva,pt POR,FW,RB Leipzig,27-183,1995,30,19,1670,18.6,4,3,7,4,0,0,3,0,9.2,9.2,2.9,12.0,35,36,139,0.22,0.16,0.38,0.22,0.38,0.49,0.15,0.65,0.49,0.65,Matches,3effaa34
421,Mohamed Simakan,fr FRA,DF,RB Leipzig,23-005,2000,21,15,1229,13.7,1,1,2,1,0,0,2,0,1.6,1.6,1.2,2.8,25,77,61,0.07,0.07,0.15,0.07,0.15,0.12,0.09,0.20,0.12,0.20,Matches,fcb27134
422,Daley Sinkgraven,nl NED,DFMF,Leverkusen,27-308,1995,12,4,344,3.8,0,2,2,0,0,0,1,0,0.2,0.2,1.3,1.4,8,8,17,0.00,0.52,0.52,0.00,0.52,0.04,0.33,0.37,0.04,0.37,Matches,73000a79
423,Tobias Sippel,de GER,GK,M'Gladbach,35-047,1988,6,5,510,5.7,0,0,0,0,0,0,1,0,0.0,0.0,0.0,0.0,0,0,0,0.00,0.00,0.00,0.00,0.00,0.00,0.00,0.00,0.00,0.00,Matches,0d8a37c2
424,Hugo Siquet,be BEL,DF,Freiburg,20-303,2002,2,0,17,0.2,0,0,0,0,0,0,0,0,0.0,0.0,0.0,0.0,0,0,0,0.00,0.00,0.00,0.00,0.00,0.00,0.00,0.00,0.00,0.00,Matches,c6cf860f
425,Tim Skarke,de GER,DFMF,Union Berlin,26-243,1996,3,0,53,0.6,0,0,0,0,0,0,1,0,0.2,0.2,0.0,0.2,3,0,10,0.00,0.00,0.00,0.00,0.00,0.39,0.02,0.41,0.39,0.41,Matches,65857fdf
426,Tim Skarke,de GER,FWMF,Schalke 04,26-243,1996,7,5,359,4.0,1,1,2,1,0,0,0,0,0.5,0.5,0.9,1.4,2,10,22,0.25,0.25,0.50,0.25,0.50,0.14,0.21,0.35,0.14,0.35,Matches,65857fdf
427,Ellyes Skhiri,tn TUN,MF,Köln,27-363,1995,29,29,2586,28.7,6,1,7,6,0,0,5,0,4.6,4.6,1.7,6.3,46,148,49,0.21,0.03,0.24,0.21,0.24,0.16,0.06,0.22,0.16,0.22,Matches,c2211709
428,Robert Skov,dk DEN,DF,Hoffenheim,26-353,1996,21,16,1275,14.2,3,2,5,1,2,2,1,0,3.4,1.8,1.8,3.6,42,45,94,0.21,0.14,0.35,0.07,0.21,0.24,0.12,0.36,0.13,0.25,Matches,ff98492b
429,Hrvoje Smolčić,hr CRO,DF,Eint Frankfurt,22-264,2000,9,4,471,5.2,0,0,0,0,0,0,0,0,0.2,0.2,0.0,0.2,0,18,1,0.00,0.00,0.00,0.00,0.00,0.03,0.00,0.03,0.03,0.03,Matches,c967f6b8
430,Danilo Soares,br BRA,DF,Bochum,31-191,1991,23,23,1766,19.6,0,0,0,0,0,0,6,0,0.0,0.0,1.3,1.3,17,93,24,0.00,0.00,0.00,0.00,0.00,0.00,0.06,0.07,0.00,0.07,Matches,c05f2f8c
431,Nikola Soldo,hr CRO,DF,Köln,22-103,2001,7,6,593,6.6,0,0,0,0,0,0,1,0,0.6,0.6,0.0,0.7,3,15,0,0.00,0.00,0.00,0.00,0.00,0.10,0.00,0.10,0.10,0.10,Matches,4f627629
432,Yann Sommer,ch SUI,GK,Bayern Munich,34-142,1988,16,16,1440,16.0,0,0,0,0,0,0,1,0,0.0,0.0,0.0,0.0,0,1,0,0.00,0.00,0.00,0.00,0.00,0.00,0.00,0.00,0.00,0.00,Matches,420c18a1
433,Yann Sommer,ch SUI,GK,M'Gladbach,34-142,1988,10,10,900,10.0,0,0,0,0,0,0,0,0,0.0,0.0,0.0,0.0,0,0,0,0.00,0.00,0.00,0.00,0.00,0.00,0.00,0.00,0.00,0.00,Matches,420c18a1
434,Borna Sosa,hr CRO,DF,Stuttgart,25-107,1998,23,20,1776,19.7,2,7,9,2,0,0,5,0,0.9,0.9,6.2,7.2,53,111,142,0.10,0.35,0.46,0.10,0.46,0.05,0.32,0.36,0.05,0.36,Matches,af0d79a9
435,Djibril Sow,ch SUI,MF,Eint Frankfurt,26-091,1997,29,27,2388,26.5,4,0,4,4,0,0,7,0,1.6,1.6,0.8,2.4,35,176,27,0.15,0.00,0.15,0.15,0.15,0.06,0.03,0.09,0.06,0.09,Matches,4c6facae
436,Anton Stach,de GER,MF,Mainz 05,24-174,1998,27,19,1821,20.2,1,4,5,1,0,0,4,0,2.0,2.0,3.5,5.5,31,96,69,0.05,0.20,0.25,0.05,0.25,0.10,0.17,0.27,0.10,0.27,Matches,0f59a7bf
437,Kostas Stafylidis,gr GRE,DFMF,Bochum,29-157,1993,18,10,1008,11.2,0,2,2,0,0,0,3,0,0.3,0.3,0.7,1.1,9,26,14,0.00,0.18,0.18,0.00,0.18,0.03,0.06,0.10,0.03,0.10,Matches,861e0116
438,Jens Stage,dk DEN,MF,Werder Bremen,26-181,1996,30,19,1675,18.6,3,2,5,3,0,0,4,0,2.6,2.6,1.5,4.1,19,56,52,0.16,0.11,0.27,0.16,0.27,0.14,0.08,0.22,0.14,0.22,Matches,1fffae99
439,Veit Stange,de GER,MF,Hertha BSC,19-089,2004,1,0,8,0.1,0,0,0,0,0,0,0,0,0.0,0.0,0.0,0.0,0,0,0,0.00,0.00,0.00,0.00,0.00,0.00,0.00,0.00,0.00,0.00,Matches,e52d33d0
440,Josip Stanišić,hr CRO,DF,Bayern Munich,23-036,2000,14,4,579,6.4,0,0,0,0,0,0,1,0,0.0,0.0,0.4,0.4,12,66,35,0.00,0.00,0.00,0.00,0.00,0.00,0.07,0.07,0.00,0.07,Matches,7ed08d5c
441,Niklas Stark,de GER,DF,Werder Bremen,28-024,1995,24,20,1807,20.1,0,0,0,0,0,0,8,0,0.2,0.2,0.3,0.5,9,61,3,0.00,0.00,0.00,0.00,0.00,0.01,0.02,0.03,0.01,0.03,Matches,aad48be9
442,Pascal Stenzel,de GER,DF,Stuttgart,27-049,1996,11,3,328,3.6,0,1,1,0,0,0,0,0,0.0,0.0,0.6,0.6,3,12,5,0.00,0.27,0.27,0.00,0.27,0.01,0.16,0.17,0.01,0.17,Matches,99f7e9aa
443,Angelo Stiller,de GER,MF,Hoffenheim,22-034,2001,19,6,670,7.4,1,1,2,1,0,0,0,0,0.3,0.3,0.5,0.8,4,31,16,0.13,0.13,0.27,0.13,0.27,0.04,0.06,0.10,0.04,0.10,Matches,3b1ed320
444,Lars Stindl,de GER,FWMF,M'Gladbach,34-255,1988,26,19,1607,17.9,6,6,12,6,0,0,8,0,3.8,3.8,4.3,8.1,20,62,77,0.34,0.34,0.67,0.34,0.67,0.21,0.24,0.45,0.21,0.45,Matches,7cd6badb
445,Kevin Stöger,at AUT,MF,Bochum,29-254,1993,29,27,2366,26.3,4,1,5,1,3,3,2,0,4.3,1.9,5.2,7.1,37,187,90,0.15,0.04,0.19,0.04,0.08,0.16,0.20,0.36,0.07,0.27,Matches,e5649a78
446,Niklas Süle,de GER,DF,Dortmund,27-247,1995,26,20,1848,20.5,1,3,4,1,0,0,2,0,1.7,1.7,1.9,3.6,28,104,51,0.05,0.15,0.19,0.05,0.19,0.08,0.09,0.17,0.08,0.17,Matches,e33c06cf
447,Ivan Šunjić,hr CRO,MF,Hertha BSC,26-211,1996,18,12,993,11.0,0,0,0,0,0,0,4,0,0.6,0.6,0.2,0.8,6,30,6,0.00,0.00,0.00,0.00,0.00,0.06,0.01,0.07,0.06,0.07,Matches,e18098de
448,Mattias Svanberg,se SWE,MFFW,Wolfsburg,24-123,1999,29,20,1720,19.1,4,6,10,4,0,0,4,0,3.5,3.5,4.8,8.3,27,71,70,0.21,0.31,0.52,0.21,0.52,0.18,0.25,0.44,0.18,0.44,Matches,92d83c27
449,Dominik Szoboszlai,hu HUN,MFFW,RB Leipzig,22-195,2000,28,26,2241,24.9,4,8,12,4,0,0,4,2,3.7,3.7,8.1,11.8,71,140,143,0.16,0.32,0.48,0.16,0.48,0.15,0.32,0.47,0.15,0.47,Matches,934e1968
450,Alexander Sørloth,no NOR,FW,RB Leipzig,27-154,1995,1,0,6,0.1,0,0,0,0,0,0,1,0,0.0,0.0,0.0,0.0,0,0,1,0.00,0.00,0.00,0.00,0.00,0.00,0.00,0.00,0.00,0.00,Matches,e92cd3f7
451,Jonathan Tah,de GER,DF,Leverkusen,27-086,1996,30,25,2217,24.6,1,0,1,1,0,0,6,0,1.1,1.1,0.4,1.5,4,45,4,0.04,0.00,0.04,0.04,0.04,0.04,0.02,0.06,0.04,0.06,Matches,bd142efb
452,Edmond Tapsoba,bf BFA,DF,Leverkusen,24-095,1999,30,29,2601,28.9,1,0,1,0,1,2,4,0,2.3,0.7,0.9,1.7,32,147,8,0.03,0.00,0.03,0.00,0.00,0.08,0.03,0.11,0.02,0.06,Matches,a73c8f95
453,Niklas Tauer,de GER,DFMF,Mainz 05,22-080,2001,3,0,93,1.0,0,0,0,0,0,0,0,0,0.1,0.1,0.0,0.1,1,6,4,0.00,0.00,0.00,0.00,0.00,0.07,0.00,0.07,0.07,0.07,Matches,27270af4
454,Mathys Tel,fr FRA,FW,Bayern Munich,18-011,2005,19,1,377,4.2,4,0,4,4,0,0,2,0,2.1,2.1,0.4,2.5,12,9,54,0.95,0.00,0.95,0.95,0.95,0.49,0.11,0.60,0.49,0.60,Matches,829aa60c
455,Semir Telalovic,de GER,MFFW,M'Gladbach,23-136,1999,3,0,10,0.1,0,0,0,0,0,0,0,0,0.1,0.1,0.0,0.1,0,0,0,0.00,0.00,0.00,0.00,0.00,0.74,0.00,0.74,0.74,0.74,Matches,0b45a8d7
456,Simon Terodde,de GER,FW,Schalke 04,35-067,1988,31,20,1747,19.4,4,0,4,4,0,1,4,0,6.3,5.5,2.2,7.7,5,19,67,0.21,0.00,0.21,0.21,0.21,0.32,0.11,0.44,0.28,0.40,Matches,863ff1ee
457,Malick Thiaw,de GER,DF,Schalke 04,21-273,2001,3,3,270,3.0,0,0,0,0,0,0,2,0,0.2,0.2,0.0,0.2,1,3,0,0.00,0.00,0.00,0.00,0.00,0.08,0.00,0.08,0.08,0.08,Matches,ff5ea0bf
458,Jan Thielmann,de GER,FW,Köln,20-347,2002,20,6,737,8.2,2,2,4,2,0,0,4,0,0.8,0.8,0.4,1.1,20,14,51,0.24,0.24,0.49,0.24,0.49,0.09,0.04,0.14,0.09,0.14,Matches,fd53759d
459,Morten Thorsby,no NOR,MF,Union Berlin,27-003,1996,22,7,760,8.4,1,1,2,1,0,0,3,0,0.6,0.6,0.5,1.1,0,15,19,0.12,0.12,0.24,0.12,0.24,0.07,0.06,0.13,0.07,0.13,Matches,d1b49282
460,Marcus Thuram,fr FRA,FW,M'Gladbach,25-275,1997,28,26,2353,26.1,13,5,18,13,0,0,3,0,15.1,15.1,4.9,20.0,70,44,151,0.50,0.19,0.69,0.50,0.69,0.58,0.19,0.77,0.58,0.77,Matches,6f8cd6d0
461,Steffen Tigges,de GER,FW,Köln,24-281,1998,28,16,1469,16.3,5,1,6,5,0,0,1,0,3.5,3.5,1.8,5.3,20,30,79,0.31,0.06,0.37,0.31,0.37,0.21,0.11,0.32,0.21,0.32,Matches,6b8887c2
462,Umut Tohumcu,de GER,MF,Hoffenheim,18-270,2004,7,2,244,2.7,0,0,0,0,0,0,0,0,0.1,0.1,0.0,0.2,2,7,3,0.00,0.00,0.00,0.00,0.00,0.04,0.02,0.06,0.04,0.06,Matches,e547d3cf
463,Tiago Tomás,pt POR,FWMF,Stuttgart,20-326,2002,24,14,1132,12.6,2,3,5,2,0,0,2,0,2.3,2.3,3.5,5.8,27,19,78,0.16,0.24,0.40,0.16,0.40,0.18,0.28,0.46,0.18,0.46,Matches,b492126a
464,Almamy Touré,ml MLI,DF,Eint Frankfurt,27-010,1996,4,3,217,2.4,0,0,0,0,0,0,1,0,0.5,0.5,0.0,0.5,0,9,5,0.00,0.00,0.00,0.00,0.00,0.20,0.00,0.20,0.20,0.20,Matches,c8c60119
465,Lucas Tousart,fr FRA,MF,Hertha BSC,26-009,1997,30,30,2674,29.7,3,1,4,3,0,0,1,0,2.6,2.6,0.9,3.5,34,90,70,0.10,0.03,0.13,0.10,0.13,0.09,0.03,0.12,0.09,0.12,Matches,71ec39ef
466,Kevin Trapp,de GER,GK,Eint Frankfurt,32-304,1990,30,30,2700,30.0,0,0,0,0,0,0,3,0,0.0,0.0,0.0,0.0,0,0,0,0.00,0.00,0.00,0.00,0.00,0.00,0.00,0.00,0.00,0.00,Matches,ce17b5eb
467,Christopher Trimmel,at AUT,DF,Union Berlin,36-073,1987,22,17,1576,17.5,0,5,5,0,0,0,1,0,0.6,0.6,2.4,2.9,29,51,75,0.00,0.29,0.29,0.00,0.29,0.03,0.13,0.17,0.03,0.17,Matches,056d2d95
468,Tuta,br BRA,DF,Eint Frankfurt,23-308,1999,28,27,2448,27.2,1,0,1,1,0,0,6,0,1.6,1.6,0.4,2.0,21,98,17,0.04,0.00,0.04,0.04,0.04,0.06,0.02,0.08,0.06,0.08,Matches,35d64857
469,Sven Ulreich,de GER,GK,Bayern Munich,34-278,1988,3,3,270,3.0,0,0,0,0,0,0,1,0,0.0,0.0,0.0,0.0,0,0,0,0.00,0.00,0.00,0.00,0.00,0.00,0.00,0.00,0.00,0.00,Matches,7d3e7da6
470,Lauren Ulrich,de GER,MF,Stuttgart,18-097,2005,1,0,6,0.1,0,0,0,0,0,0,0,0,0.0,0.0,0.0,0.0,1,1,0,0.00,0.00,0.00,0.00,0.00,0.00,0.00,0.00,0.00,0.00,Matches,cd61c7af
471,Dayot Upamecano,fr FRA,DF,Bayern Munich,24-193,1998,26,26,2247,25.0,0,1,1,0,0,0,6,1,0.7,0.7,0.3,1.0,31,166,7,0.00,0.04,0.04,0.00,0.04,0.03,0.01,0.04,0.03,0.04,Matches,d248cd8f
472,Filip Uremović,hr CRO,DF,Hertha BSC,26-086,1997,21,20,1715,19.1,0,0,0,0,0,0,8,1,0.9,0.9,0.4,1.2,3,17,1,0.00,0.00,0.00,0.00,0.00,0.05,0.02,0.07,0.05,0.07,Matches,af842091
473,Jere Uronen,fi FIN,DF,Schalke 04,28-299,1994,10,8,592,6.6,0,0,0,0,0,0,2,0,0.1,0.1,0.9,0.9,9,27,14,0.00,0.00,0.00,0.00,0.00,0.01,0.13,0.14,0.01,0.14,Matches,d75f3980
474,Mark Uth,de GER,MFFW,Köln,31-257,1991,3,0,46,0.5,0,0,0,0,0,0,2,0,0.1,0.1,0.0,0.1,0,1,1,0.00,0.00,0.00,0.00,0.00,0.14,0.00,0.14,0.14,0.14,Matches,a3ddb1b9
475,Josha Vagnoman,de GER,DFMF,Stuttgart,22-148,2000,20,13,1230,13.7,2,2,4,2,0,0,3,1,2.2,2.2,1.6,3.8,25,36,76,0.15,0.15,0.29,0.15,0.29,0.16,0.12,0.28,0.16,0.28,Matches,fb377d11
476,Ruben Vargas,ch SUI,MFFW,Augsburg,24-276,1998,22,13,1085,12.1,3,4,7,3,0,0,4,0,1.0,1.0,2.2,3.3,28,39,62,0.25,0.33,0.58,0.25,0.58,0.09,0.19,0.27,0.09,0.27,Matches,6ecbddf6
477,Renato Veiga,pt POR,DF,Augsburg,19-283,2003,10,5,451,5.0,0,0,0,0,0,0,3,0,0.2,0.2,0.1,0.2,9,11,3,0.00,0.00,0.00,0.00,0.00,0.03,0.01,0.04,0.03,0.04,Matches,fc8fcbd1
478,Miloš Veljković,rs SRB,DF,Werder Bremen,27-224,1995,26,22,1996,22.2,1,2,3,1,0,0,2,0,0.4,0.4,0.6,1.0,4,69,3,0.05,0.09,0.14,0.05,0.14,0.02,0.03,0.05,0.02,0.05,Matches,a5ae8f8e
479,Mickey van de Ven,nl NED,DF,Wolfsburg,22-019,2001,30,30,2700,30.0,1,1,2,1,0,0,5,0,1.3,1.3,0.5,1.8,36,96,15,0.03,0.03,0.07,0.03,0.07,0.04,0.02,0.06,0.04,0.06,Matches,8fe2a392
480,Gabriel Vidovic,hr CRO,FW,Bayern Munich,19-158,2003,1,0,19,0.2,0,1,1,0,0,0,0,0,0.0,0.0,0.1,0.1,0,1,2,0.00,4.74,4.74,0.00,4.74,0.00,0.39,0.39,0.00,0.39,Matches,5360a956
481,Kevin Vogt,de GER,DF,Hoffenheim,31-227,1991,22,22,1775,19.7,0,0,0,0,0,0,8,0,0.0,0.0,0.4,0.4,16,104,3,0.00,0.00,0.00,0.00,0.00,0.00,0.02,0.02,0.00,0.02,Matches,1d8e9add
482,Aster Vranckx,be BEL,MF,Wolfsburg,20-216,2002,1,0,8,0.1,0,0,0,0,0,0,0,0,0.0,0.0,0.0,0.0,0,0,0,0.00,0.00,0.00,0.00,0.00,0.00,0.00,0.00,0.00,0.00,Matches,f86cd5df
483,Robert Wagner,de GER,MF,Freiburg,19-298,2003,3,0,28,0.3,0,0,0,0,0,0,1,0,0.2,0.2,0.0,0.2,0,0,2,0.00,0.00,0.00,0.00,0.00,0.73,0.00,0.73,0.73,0.73,Matches,e3d3fbeb
484,Luca Waldschmidt,de GER,FWMF,Wolfsburg,26-354,1996,15,4,443,4.9,3,0,3,2,1,1,0,0,2.7,1.1,0.0,1.1,5,9,19,0.61,0.00,0.61,0.41,0.41,0.55,0.00,0.55,0.23,0.23,Matches,e5a35ae9
485,Paul Wanner,de GER,MF,Bayern Munich,17-136,2005,2,0,25,0.3,0,0,0,0,0,0,1,0,0.0,0.0,0.1,0.1,1,1,4,0.00,0.00,0.00,0.00,0.00,0.00,0.25,0.25,0.00,0.25,Matches,cb64672e
486,Julian Weigl,de GER,MF,M'Gladbach,27-242,1995,20,18,1624,18.0,1,0,1,0,1,1,6,0,1.1,0.3,0.5,0.8,5,66,6,0.06,0.00,0.06,0.00,0.00,0.06,0.03,0.09,0.02,0.04,Matches,346d51d9
487,Nelson Weiper,de GER,DFFW,Mainz 05,18-052,2005,7,0,84,0.9,2,0,2,2,0,0,0,0,1.7,1.7,0.1,1.8,4,1,14,2.14,0.00,2.14,2.14,2.14,1.79,0.10,1.90,1.79,1.90,Matches,231c67ff
488,Mitchell Weiser,de GER,DFFW,Werder Bremen,29-017,1994,28,27,2379,26.4,2,9,11,2,0,0,6,0,2.6,2.6,5.0,7.6,57,114,161,0.08,0.34,0.42,0.08,0.42,0.10,0.19,0.29,0.10,0.29,Matches,30c220c3
489,Noah Weißhaupt,de GER,MFFW,Freiburg,21-230,2001,15,1,248,2.8,0,1,1,0,0,0,0,0,0.2,0.2,0.9,1.1,9,9,20,0.00,0.36,0.36,0.00,0.36,0.06,0.34,0.40,0.06,0.40,Matches,dd676a97
490,Marcel Wenig,de GER,MF,Eint Frankfurt,19-004,2004,1,0,4,0.0,0,0,0,0,0,0,0,0,0.0,0.0,0.0,0.0,0,0,0,0.00,0.00,0.00,0.00,0.00,0.00,0.00,0.00,0.00,0.00,Matches,1c86aa16
491,Timo Werner,de GER,FWMF,RB Leipzig,27-063,1996,25,21,1787,19.9,9,3,12,9,0,0,2,0,8.5,8.5,3.1,11.6,62,49,200,0.45,0.15,0.60,0.45,0.60,0.43,0.16,0.59,0.43,0.59,Matches,49fe9070
492,Silvan Widmer,ch SUI,DF,Mainz 05,30-064,1993,26,19,1688,18.8,2,2,4,2,0,0,0,0,2.5,2.5,2.0,4.5,14,54,91,0.11,0.11,0.21,0.11,0.21,0.13,0.11,0.24,0.13,0.24,Matches,f68b64fc
493,Patrick Wimmer,at AUT,FWMF,Wolfsburg,21-343,2001,23,20,1458,16.2,4,8,12,4,0,0,6,0,4.0,4.0,4.8,8.8,39,55,117,0.25,0.49,0.74,0.25,0.74,0.25,0.30,0.54,0.25,0.54,Matches,cb11b429
494,Jonas Wind,dk DEN,FW,Wolfsburg,24-090,1999,21,12,1071,11.9,6,0,6,6,0,1,0,0,4.0,3.2,1.0,4.2,6,34,70,0.50,0.00,0.50,0.50,0.50,0.33,0.09,0.42,0.27,0.35,Matches,2077ae86
495,Frederik Winther,dk DEN,DF,Augsburg,22-124,2001,1,1,90,1.0,0,1,1,0,0,0,0,0,0.0,0.0,0.1,0.1,0,1,0,0.00,1.00,1.00,0.00,1.00,0.00,0.10,0.10,0.00,0.10,Matches,a1257b5e
496,Florian Wirtz,de GER,FWMF,Leverkusen,20-005,2003,14,9,898,10.0,1,6,7,1,0,0,2,0,0.7,0.7,3.2,3.9,29,66,71,0.10,0.60,0.70,0.10,0.70,0.07,0.32,0.39,0.07,0.39,Matches,e7fcf289
497,Hannes Wolf,at AUT,FW,M'Gladbach,24-022,1999,16,3,384,4.3,1,1,2,1,0,0,0,0,1.3,1.3,0.1,1.4,11,9,35,0.23,0.23,0.47,0.23,0.47,0.31,0.03,0.33,0.31,0.33,Matches,be42a291
498,Marius Wolf,de GER,DF,Dortmund,27-346,1995,22,14,1345,14.9,1,1,2,1,0,0,1,0,1.1,1.1,2.6,3.7,51,75,118,0.07,0.07,0.13,0.07,0.13,0.07,0.17,0.24,0.07,0.24,Matches,fa661778
499,Jeong Woo-yeong,kr KOR,MFFW,Freiburg,23-230,1999,24,4,643,7.1,1,1,2,1,0,0,2,0,2.1,2.1,1.2,3.3,18,19,35,0.14,0.14,0.28,0.14,0.28,0.29,0.17,0.47,0.29,0.47,Matches,6190474d
500,Kelvin Yeboah,it ITA,FWMF,Augsburg,23-002,2000,10,2,268,3.0,0,1,1,0,0,0,0,0,0.8,0.8,0.3,1.2,13,4,20,0.00,0.34,0.34,0.00,0.34,0.28,0.11,0.39,0.28,0.39,Matches,ea0893d6
501,Maya Yoshida,jp JPN,DF,Schalke 04,34-257,1988,28,28,2508,27.9,0,0,0,0,0,0,4,0,1.0,1.0,0.1,1.1,7,83,4,0.00,0.00,0.00,0.00,0.00,0.04,0.00,0.04,0.04,0.04,Matches,caffaf5a
502,Dan-Axel Zagadou,fr FRA,DF,Stuttgart,23-339,1999,15,12,1111,12.3,0,0,0,0,0,0,3,0,1.7,1.7,0.6,2.2,3,38,0,0.00,0.00,0.00,0.00,0.00,0.14,0.05,0.18,0.14,0.18,Matches,a4effc55
503,Rodrigo Zalazar,uy URU,MFFW,Schalke 04,23-269,1999,20,13,1190,13.2,1,4,5,1,0,0,4,0,2.8,2.8,4.2,7.0,24,31,43,0.08,0.30,0.38,0.08,0.38,0.21,0.32,0.53,0.21,0.53,Matches,fc3697dd
504,Aaron Zehnter,de GER,DF,Augsburg,18-189,2004,1,0,1,0.0,0,0,0,0,0,0,0,0,0.0,0.0,0.0,0.0,0,0,0,0.00,0.00,0.00,0.00,0.00,0.00,0.00,0.00,0.00,0.00,Matches,65bf7e2b
505,Robin Zentner,de GER,GK,Mainz 05,28-192,1994,25,25,2250,25.0,0,0,0,0,0,0,1,0,0.0,0.0,0.1,0.1,0,6,1,0.00,0.00,0.00,0.00,0.00,0.00,0.00,0.00,0.00,0.00,Matches,5c4bf6ba
506,Michael Zetterer,de GER,GK,Werder Bremen,27-300,1995,2,1,152,1.7,0,0,0,0,0,0,0,0,0.0,0.0,0.0,0.0,0,0,0,0.00,0.00,0.00,0.00,0.00,0.00,0.00,0.00,0.00,0.00,Matches,9b688ae1
507,Simon Zoller,de GER,FWMF,Bochum,31-316,1991,24,19,1423,15.8,3,1,4,3,0,0,4,0,4.1,4.1,1.0,5.2,10,19,61,0.19,0.06,0.25,0.19,0.25,0.26,0.07,0.33,0.26,0.33,Matches,29f7cfd9