,,,,,,,,Standard,Standard,Standard,Standard,Standard,Standard,Standard,Standard,Standard,Standard,Standard,Standard,Expected,Expected,Expected,Expected,Expected,,-additional
Rk,Player,Nation,Pos,Squad,Age,Born,90s,Gls,Sh,SoT,SoT%,Sh/90,SoT/90,G/Sh,G/SoT,Dist,FK,PK,PKatt,xG,npxG,npxG/Sh,G-xG,np:G-xG,Matches,-9999
1,Paxten Aaronson,us USA,MFDF,Eint Frankfurt,19-255,2003,1.5,0,4,1,25.0,2.67,0.67,0.00,0.00,18.7,0,0,0,0.2,0.2,0.04,-0.2,-0.2,Matches,4cd41883
2,Sargis Adamyan,am ARM,FWMF,Köln,29-350,1993,7.2,1,21,11,52.4,2.93,1.54,0.05,0.09,14.0,0,0,0,3.4,3.4,0.16,-2.4,-2.4,Matches,22919e97
3,Karim Adeyemi,de GER,FWMF,Dortmund,21-110,2002,13.2,6,32,13,40.6,2.43,0.99,0.19,0.46,17.3,0,0,1,4.8,4.0,0.13,+1.2,+2.0,Matches,501055d8
4,Amine Adli,fr FRA,FWMF,Leverkusen,22-363,2000,14.2,4,32,15,46.9,2.26,1.06,0.13,0.27,14.0,1,0,0,4.4,4.4,0.14,-0.4,-0.4,Matches,dcfb17f4
5,Felix Agu,de GER,DFFW,Werder Bremen,23-223,1999,0.5,0,1,0,0.0,1.84,0.00,0.00,,15.9,0,0,0,0.0,0.0,0.04,0.0,0.0,Matches,cb6d81b3
6,Naouirou Ahamada,fr FRA,MF,Stuttgart,21-040,2002,15.5,2,16,5,31.3,1.03,0.32,0.13,0.40,22.1,0,0,0,0.8,0.8,0.05,+1.2,+1.2,Matches,a6c58494
7,Ludovic Ajorque,fr FRA,FWMF,Mainz 05,29-072,1994,12.4,6,29,13,44.8,2.35,1.05,0.21,0.46,14.3,0,0,0,4.4,4.4,0.15,+1.6,+1.6,Matches,462475ed
8,Kevin Akpoguma,ng NGA,DF,Hoffenheim,28-019,1995,19.9,0,7,1,14.3,0.35,0.05,0.00,0.00,17.6,0,0,0,0.6,0.6,0.09,-0.6,-0.6,Matches,6ec6fde0
9,Lucas Alario,ar ARG,FWMF,Eint Frankfurt,30-212,1992,3.7,1,11,4,36.4,2.99,1.09,0.09,0.25,14.7,0,0,0,1.4,1.4,0.13,-0.4,-0.4,Matches,834d0be5
10,Faride Alidou,de GER,DFMF,Eint Frankfurt,21-294,2001,2.0,0,2,0,0.0,0.99,0.00,0.00,,17.0,0,0,0,0.1,0.1,0.05,-0.1,-0.1,Matches,00f518d8
11,Éder Álvarez Balanta,co COL,MFFW,Schalke 04,30-069,1993,2.6,0,1,1,100.0,0.38,0.38,0.00,0.00,17.5,0,0,0,0.1,0.1,0.13,-0.1,-0.1,Matches,8ce30c57
12,Lukáš Ambros,cz CZE,MF,Wolfsburg,18-337,2004,0.2,0,0,0,,0.00,0.00,,,,0,0,0,0.0,0.0,,0.0,0.0,Matches,cd682b6b
13,Nadiem Amiri,de GER,MFFW,Leverkusen,26-193,1996,9.7,4,20,8,40.0,2.05,0.82,0.15,0.38,24.9,2,1,1,1.7,0.9,0.05,+2.3,+2.1,Matches,555d5edd
14,Robert Andrich,de GER,MF,Leverkusen,28-228,1994,26.7,2,30,9,30.0,1.12,0.34,0.07,0.22,21.6,1,0,0,1.6,1.6,0.05,+0.4,+0.4,Matches,e0b113a7
15,Angeliño,es ESP,DF,Hoffenheim,26-124,1997,26.3,0,21,4,19.0,0.80,0.15,0.00,0.00,20.5,4,0,0,1.1,1.1,0.05,-1.1,-1.1,Matches,30941e96
16,Waldemar Anton,de GER,DF,Stuttgart,26-292,1996,29.6,1,24,5,20.8,0.81,0.17,0.04,0.20,18.3,0,0,0,1.6,1.6,0.07,-0.6,-0.6,Matches,5e66fa06
17,Christopher Antwi-Adjei,gh GHA,FWMF,Bochum,29-090,1994,19.2,2,25,7,28.0,1.30,0.37,0.08,0.29,19.3,0,0,0,2.1,2.1,0.08,-0.1,-0.1,Matches,0a3f6cde
18,Charles Aránguiz,cl CHI,MF,Leverkusen,34-021,1989,5.5,1,5,2,40.0,0.91,0.37,0.20,0.50,18.5,0,0,0,0.3,0.3,0.06,+0.7,+0.7,Matches,56413b1f
19,Maximilian Arnold,de GER,MF,Wolfsburg,28-346,1994,27.8,5,27,11,40.7,0.97,0.40,0.07,0.18,32.5,6,3,5,4.9,0.9,0.03,+0.1,+1.1,Matches,86e119e0
20,Takuma Asano,jp JPN,FWMF,Bochum,28-179,1994,16.4,2,47,14,29.8,2.86,0.85,0.04,0.14,16.7,0,0,0,4.6,4.6,0.10,-2.6,-2.6,Matches,13ddc856
21,Fisnik Asllani,xk KVX,FW,Hoffenheim,20-273,2002,1.9,0,9,0,0.0,4.85,0.00,0.00,,11.1,0,0,0,1.7,1.7,0.19,-1.7,-1.7,Matches,35f67a30
22,Mehmet Aydin,de GER,DFFW,Schalke 04,21-088,2002,6.3,0,5,0,0.0,0.79,0.00,0.00,,23.3,0,0,0,0.2,0.2,0.04,-0.2,-0.2,Matches,fe46e261
23,Ayman Azhil,ma MAR,MF,Leverkusen,22-028,2001,0.0,0,0,0,,0.00,0.00,,,,0,0,0,0.0,0.0,,0.0,0.0,Matches,ce81d82d
24,Sardar Azmoun,ir IRN,FWMF,Leverkusen,28-127,1995,8.1,4,23,9,39.1,2.85,1.12,0.17,0.44,10.9,0,0,0,3.1,3.1,0.14,+0.9,+0.9,Matches,10549b49
25,Sanoussy Ba,de GER,DF,RB Leipzig,19-123,2004,0.0,0,0,0,,0.00,0.00,,,,0,0,0,0.0,0.0,,0.0,0.0,Matches,f582d5c1
26,Mitchel Bakker,nl NED,DFMF,Leverkusen,22-322,2000,15.8,3,15,8,53.3,0.95,0.51,0.20,0.38,19.7,0,0,0,1.5,1.5,0.10,+1.5,+1.5,Matches,a8567629
27,Ridle Baku,de GER,DFFW,Wolfsburg,25-030,1998,25.7,5,27,11,40.7,1.05,0.43,0.19,0.45,19.5,0,0,0,2.8,2.8,0.10,+2.2,+2.2,Matches,442b56fa
28,Aymen Barkok,ma MAR,MF,Mainz 05,24-352,1998,5.4,0,10,1,10.0,1.87,0.19,0.00,0.00,22.2,0,0,0,0.5,0.5,0.05,-0.5,-0.5,Matches,a2a85828
29,Leandro Barreiro Martins,lu LUX,MF,Mainz 05,23-125,2000,21.8,4,31,14,45.2,1.42,0.64,0.13,0.29,14.1,0,0,0,3.6,3.6,0.12,+0.4,+0.4,Matches,00242b75
30,Gil Bastião Dias,pt POR,FW,Stuttgart,26-222,1996,4.4,1,10,4,40.0,2.26,0.90,0.10,0.25,20.2,0,0,0,0.5,0.5,0.05,+0.5,+0.5,Matches,e61bdd69
31,Maximilian Bauer,de GER,DF,Augsburg,23-088,2000,18.7,0,8,0,0.0,0.43,0.00,0.00,,8.5,0,0,0,1.6,1.6,0.20,-1.6,-1.6,Matches,44a20f0c
32,Oliver Baumann,de GER,GK,Hoffenheim,32-340,1990,31.0,0,0,0,,0.00,0.00,,,,0,0,0,0.0,0.0,,0.0,0.0,Matches,47064058
33,Timo Baumgartl,de GER,DF,Union Berlin,27-065,1996,5.7,0,4,2,50.0,0.70,0.35,0.00,0.00,11.5,0,0,0,0.2,0.2,0.05,-0.2,-0.2,Matches,bd7d2e6d
34,Julian Baumgartlinger,at AUT,MF,Augsburg,35-126,1988,6.2,0,3,0,0.0,0.49,0.00,0.00,,18.2,0,0,0,0.3,0.3,0.09,-0.3,-0.3,Matches,69374ff5
35,Christoph Baumgartner,at AUT,MFFW,Hoffenheim,23-280,1999,26.2,7,63,19,30.2,2.41,0.73,0.11,0.37,15.7,0,0,0,6.8,6.8,0.11,+0.2,+0.2,Matches,437f2b00
36,Noah Joel Sarenren Bazee,ng NGA,MFFW,Augsburg,26-260,1996,0.2,0,0,0,,0.00,0.00,,,,0,0,0,0.0,0.0,,0.0,0.0,Matches,fbbc8e15
37,Ihlas Bebou,tg TOG,FWDF,Hoffenheim,29-015,1994,12.8,5,22,8,36.4,1.72,0.62,0.18,0.50,14.4,0,1,1,4.0,3.2,0.15,+1.0,+0.8,Matches,a53b661f
38,Sheraldo Becker,sr SUR,FW,Union Berlin,28-088,1995,25.4,9,56,23,41.1,2.20,0.90,0.16,0.39,18.5,0,0,0,4.8,4.8,0.09,+4.2,+4.2,Matches,8eb55dbb
39,Kevin Behrens,de GER,FW,Union Berlin,32-094,1991,14.5,7,30,13,43.3,2.07,0.90,0.23,0.54,11.9,0,0,0,4.3,4.3,0.14,+2.7,+2.7,Matches,30ae134d
40,Stefan Bell,de GER,DF,Mainz 05,31-257,1991,23.7,0,7,2,28.6,0.30,0.08,0.00,0.00,10.4,0,0,0,0.7,0.7,0.09,-0.7,-0.7,Matches,857a5abe
41,Karim Bellarabi,de GER,FWMF,Leverkusen,33-030,1990,0.9,0,0,0,,0.00,0.00,,,,0,0,0,0.0,0.0,,0.0,0.0,Matches,bee0bab1
42,Jude Bellingham,eng ENG,MF,Dortmund,19-313,2003,28.9,7,61,22,36.1,2.11,0.76,0.11,0.32,17.7,2,0,0,7.0,7.0,0.11,0.0,0.0,Matches,57d88cf9
43,Ramy Bensebaini,dz ALG,DF,M'Gladbach,28-022,1995,25.6,5,35,9,25.7,1.37,0.35,0.11,0.44,16.9,3,1,1,4.3,3.5,0.10,+0.7,+0.5,Matches,378825c7
44,Mergim Berisha,de GER,FW,Augsburg,24-362,1998,17.6,9,48,13,27.1,2.73,0.74,0.13,0.46,18.5,5,3,4,7.8,4.7,0.10,+1.2,+1.3,Matches,eb6e14be
45,Ermin Bičakčić,ba BIH,DF,Hoffenheim,33-104,1990,2.3,0,2,1,50.0,0.85,0.43,0.00,0.00,11.5,0,0,0,0.1,0.1,0.07,-0.1,-0.1,Matches,7aac47fe
46,Tom Bischof,de GER,MFFW,Hoffenheim,17-314,2005,3.4,0,7,2,28.6,2.04,0.58,0.00,0.00,22.4,0,0,0,1.0,1.0,0.14,-1.0,-1.0,Matches,07d3bfec
47,Leonardo Bittencourt,de GER,MFDF,Werder Bremen,29-140,1993,15.8,2,23,8,34.8,1.46,0.51,0.09,0.25,23.0,2,0,0,1.1,1.1,0.05,+0.9,+0.9,Matches,dc62fbee
48,Janis Blaswich,de GER,GK,RB Leipzig,32-006,1991,24.0,0,0,0,,0.00,0.00,,,,0,0,0,0.0,0.0,,0.0,0.0,Matches,663e080e
49,Daley Blind,nl NED,DFMF,Bayern Munich,33-060,1990,1.5,0,1,1,100.0,0.67,0.67,0.00,0.00,24.8,0,0,0,0.1,0.1,0.06,-0.1,-0.1,Matches,691bef82
50,Kevin-Prince Boateng,gh GHA,MF,Hertha BSC,36-063,1987,4.5,0,6,0,0.0,1.34,0.00,0.00,,19.2,0,0,0,0.3,0.3,0.06,-0.3,-0.3,Matches,f4ec4fd0
51,Jean-Paul Boëtius,nl NED,MF,Hertha BSC,29-047,1994,10.4,0,5,3,60.0,0.48,0.29,0.00,0.00,20.6,0,0,0,0.5,0.5,0.11,-0.5,-0.5,Matches,635f2732
52,Yvandro Borges Sanches,lu LUX,FWMF,M'Gladbach,18-349,2004,0.3,0,1,0,0.0,3.21,0.00,0.00,,34.7,0,0,0,0.1,0.1,0.10,-0.1,-0.1,Matches,36578017
53,Sebastiaan Bornauw,be BEL,DF,Wolfsburg,24-047,1999,18.4,1,3,2,66.7,0.16,0.11,0.33,0.50,11.8,0,0,0,0.3,0.3,0.10,+0.7,+0.7,Matches,01834aa0
54,Rafael Borré,co COL,MFFW,Eint Frankfurt,27-235,1995,11.7,2,24,7,29.2,2.06,0.60,0.04,0.14,13.1,0,1,1,4.1,3.3,0.14,-2.1,-2.3,Matches,c68da769
55,Julian Brandt,de GER,MFFW,Dortmund,27-006,1996,24.2,8,33,18,54.5,1.36,0.74,0.24,0.44,17.8,1,0,0,4.1,4.1,0.12,+3.9,+3.9,Matches,a167537f
56,Fabian Bredlow,de GER,GK,Stuttgart,28-067,1995,12.0,0,0,0,,0.00,0.00,,,,0,0,0,0.0,0.0,,0.0,0.0,Matches,d28339cb
57,Josip Brekalo,hr CRO,MFFW,Wolfsburg,24-319,1998,3.0,0,2,1,50.0,0.66,0.33,0.00,0.00,20.2,0,0,0,0.1,0.1,0.05,-0.1,-0.1,Matches,d4a2533d
58,John Brooks,us USA,DF,Hoffenheim,30-100,1993,12.0,0,4,0,0.0,0.33,0.00,0.00,,11.8,0,0,0,0.1,0.1,0.03,-0.1,-0.1,Matches,e27da244
59,Moritz Broschinski,de GER,FWMF,Bochum,22-227,2000,2.1,2,4,3,75.0,1.94,1.45,0.50,0.67,11.8,0,0,0,1.2,1.2,0.29,+0.8,+0.8,Matches,bbd79358
60,Cédric Brunner,ch SUI,DF,Schalke 04,29-080,1994,23.2,0,8,0,0.0,0.34,0.00,0.00,,26.3,0,0,0,0.2,0.2,0.03,-0.2,-0.2,Matches,f0a37d36
61,Jacob Bruun Larsen,dk DEN,FW,Hoffenheim,24-231,1998,3.3,1,6,2,33.3,1.84,0.61,0.17,0.50,14.0,0,0,0,1.2,1.2,0.20,-0.2,-0.2,Matches,4e204552
62,Lee Buchanan,eng ENG,DFFW,Werder Bremen,22-062,2001,4.2,1,5,1,20.0,1.18,0.24,0.20,1.00,22.1,0,0,0,0.3,0.3,0.06,+0.7,+0.7,Matches,45e95f21
63,Marius Bülter,de GER,FWMF,Schalke 04,30-040,1993,27.2,11,60,22,36.7,2.21,0.81,0.12,0.32,18.6,1,4,4,8.6,5.7,0.10,+2.4,+1.3,Matches,ab5b7dc1
64,Delano Burgzorg,nl NED,FWMF,Mainz 05,24-182,1998,2.4,0,4,2,50.0,1.69,0.85,0.00,0.00,25.1,0,0,0,0.2,0.2,0.04,-0.2,-0.2,Matches,05e2d5ea
65,Jonathan Burkardt,de GER,MFFW,Mainz 05,22-301,2000,5.9,1,20,6,30.0,3.38,1.01,0.05,0.17,12.6,0,0,1,3.0,2.2,0.11,-2.0,-1.2,Matches,05f99a4a
66,Oliver Burke,sct SCO,FWMF,Werder Bremen,26-031,1997,3.0,2,8,5,62.5,2.69,1.68,0.25,0.40,14.0,0,0,0,1.0,1.0,0.13,+1.0,+1.0,Matches,f631c17f
67,Aurélio Buta,pt POR,DF,Eint Frankfurt,26-087,1997,11.9,2,6,3,50.0,0.50,0.25,0.33,0.67,15.6,0,0,0,0.5,0.5,0.08,+1.5,+1.5,Matches,b4705807
68,Jamie Bynoe-Gittens,eng ENG,FWMF,Dortmund,18-273,2004,5.9,3,24,11,45.8,4.05,1.86,0.13,0.27,17.6,0,0,0,2.4,2.4,0.10,+0.6,+0.6,Matches,10745192
69,Anthony Caci,fr FRA,DF,Mainz 05,25-311,1997,20.4,2,10,4,40.0,0.49,0.20,0.20,0.50,16.1,0,0,0,0.6,0.6,0.06,+1.4,+1.4,Matches,0118c54c
70,Kerim Calhanoglu,de GER,DF,Schalke 04,20-255,2002,0.7,0,1,0,0.0,1.43,0.00,0.00,,16.7,0,0,0,0.0,0.0,0.03,0.0,0.0,Matches,d1db4b83
71,Daniel Caligiuri,it ITA,DFMF,Augsburg,35-113,1988,3.2,1,6,2,33.3,1.86,0.62,0.17,0.50,19.8,0,0,0,0.4,0.4,0.07,+0.6,+0.6,Matches,d1273f09
72,Emre Can,de GER,MF,Dortmund,29-116,1994,18.1,2,8,2,25.0,0.44,0.11,0.13,0.50,21.0,0,1,1,1.3,0.5,0.06,+0.7,+0.5,Matches,a65ce836
73,João Cancelo,pt POR,DFFW,Bayern Munich,28-346,1994,9.0,1,12,4,33.3,1.34,0.45,0.08,0.25,18.5,0,0,0,0.7,0.7,0.06,+0.3,+0.3,Matches,bd6351cd
74,Irvin Cardona,fr FRA,MFFW,Augsburg,25-273,1997,3.0,1,8,3,37.5,2.71,1.02,0.13,0.33,13.5,0,0,0,1.7,1.7,0.21,-0.7,-0.7,Matches,5e080f73
75,Koen Casteels,be BEL,GK,Wolfsburg,30-317,1992,31.0,0,0,0,,0.00,0.00,,,,0,0,0,0.0,0.0,,0.0,0.0,Matches,db401046
76,Julian Chabot,de GER,DF,Köln,25-085,1998,17.0,0,10,2,20.0,0.59,0.12,0.00,0.00,8.5,0,0,0,1.3,1.3,0.13,-1.3,-1.3,Matches,ae7058f9
77,Timothy Chandler,us USA,DF,Eint Frankfurt,33-040,1990,0.9,0,0,0,,0.00,0.00,,,,0,0,0,0.0,0.0,,0.0,0.0,Matches,b3b7f5a6
78,Fabio Chiarodia,it ITA,DF,Werder Bremen,17-337,2005,0.7,0,0,0,,0.00,0.00,,,,0,0,0,0.0,0.0,,0.0,0.0,Matches,48780156
79,Oliver Christensen,dk DEN,GK,Hertha BSC,24-047,1999,31.0,0,0,0,,0.00,0.00,,,,0,0,0,0.0,0.0,,0.0,0.0,Matches,af104654
80,Darko Churlinov,mk MKD,FW,Stuttgart,22-301,2000,0.3,0,0,0,,0.00,0.00,,,,0,0,0,0.0,0.0,,0.0,0.0,Matches,c6608135
81,Tolga Ciğerci,tr TUR,MF,Hertha BSC,31-046,1992,7.5,0,9,3,33.3,1.21,0.40,0.00,0.00,29.4,1,0,0,0.2,0.2,0.02,-0.2,-0.2,Matches,6e17c802
82,David Čolina,hr CRO,DFFW,Augsburg,22-293,2000,1.2,1,1,1,100.0,0.80,0.80,1.00,1.00,8.4,0,0,0,0.4,0.4,0.44,+0.6,+0.6,Matches,dd5bbe0d
83,Kingsley Coman,fr FRA,FWMF,Bayern Munich,26-329,1996,13.3,7,41,15,36.6,3.07,1.13,0.17,0.47,18.4,0,0,0,4.0,4.0,0.10,+3.0,+3.0,Matches,042e8a49
84,Danny da Costa,de GER,DF,Mainz 05,29-299,1993,11.7,0,5,0,0.0,0.43,0.00,0.00,,17.6,0,0,0,0.2,0.2,0.04,-0.2,-0.2,Matches,5ddb8f9f
85,Soumaïla Coulibaly,fr FRA,DF,Dortmund,19-206,2003,0.5,0,0,0,,0.00,0.00,,,,0,0,0,0.0,0.0,,0.0,0.0,Matches,9dff291c
86,Tanguy Coulibaly,fr FRA,FWDF,Stuttgart,22-079,2001,3.4,3,10,5,50.0,2.93,1.47,0.20,0.40,20.3,0,1,1,1.3,0.5,0.05,+1.7,+1.5,Matches,05ba9d7c
87,Nicolas Cozza,fr FRA,DF,Wolfsburg,24-120,1999,1.1,0,0,0,,0.00,0.00,,,,0,0,0,0.0,0.0,,0.0,0.0,Matches,8f325097
88,Moanes Dabbur,il ISR,FWMF,Hoffenheim,30-359,1992,9.4,5,20,13,65.0,2.13,1.38,0.25,0.38,14.9,0,0,0,2.9,2.9,0.14,+2.1,+2.1,Matches,eac044ad
89,Finn Dahmen,de GER,GK,Mainz 05,25-042,1998,6.0,0,0,0,,0.00,0.00,,,,0,0,0,0.0,0.0,,0.0,0.0,Matches,dee3013b
90,Mahmoud Dahoud,de GER,MF,Dortmund,27-127,1996,3.7,0,6,1,16.7,1.60,0.27,0.00,0.00,26.2,1,0,0,0.4,0.4,0.07,-0.4,-0.4,Matches,db4ed67b
91,Muhammed Damar,de GER,MF,Hoffenheim,19-029,2004,1.8,0,1,0,0.0,0.57,0.00,0.00,,10.4,0,0,0,0.1,0.1,0.11,-0.1,-0.1,Matches,d3d77413
92,Márton Dárdai,de GER,DF,Hertha BSC,21-085,2002,8.9,1,2,1,50.0,0.23,0.11,0.50,1.00,22.2,0,0,0,0.1,0.1,0.04,+0.9,+0.9,Matches,41bff4fa
93,Vladimír Darida,cz CZE,MF,Hertha BSC,32-273,1990,0.3,0,0,0,,0.00,0.00,,,,0,0,0,0.0,0.0,,0.0,0.0,Matches,3eb0f2df
94,Alphonso Davies,ca CAN,DF,Bayern Munich,22-187,2000,22.7,1,19,8,42.1,0.84,0.35,0.05,0.13,18.6,0,0,0,1.7,1.7,0.09,-0.7,-0.7,Matches,d781d855
95,Thomas Delaney,dk DEN,MF,Hoffenheim,31-247,1991,3.3,0,1,0,0.0,0.30,0.00,0.00,,20.0,0,0,0,0.1,0.1,0.11,-0.1,-0.1,Matches,fe641c1a
96,Kerem Demirbay,de GER,MF,Leverkusen,29-309,1993,15.2,3,30,5,16.7,1.98,0.33,0.10,0.60,24.9,8,0,0,2.0,2.0,0.07,+1.0,+1.0,Matches,54b4dc4e
97,Ermedin Demirović,ba BIH,FWMF,Augsburg,25-044,1998,23.4,8,54,22,40.7,2.31,0.94,0.13,0.32,15.4,0,1,1,6.6,5.8,0.11,+1.4,+1.2,Matches,ed79b7d3
98,Sepp van den Berg,nl NED,DF,Schalke 04,21-139,2001,4.7,1,4,1,25.0,0.85,0.21,0.25,1.00,14.0,0,0,0,0.6,0.6,0.14,+0.4,+0.4,Matches,7bf9400b
99,Moussa Diaby,fr FRA,FWMF,Leverkusen,23-305,1999,27.1,9,71,34,47.9,2.62,1.26,0.13,0.26,17.9,0,0,1,10.3,9.5,0.13,-1.3,-0.5,Matches,aeed5c06
100,Abdou Diallo,sn SEN,DFMF,RB Leipzig,27-004,1996,5.3,1,4,1,25.0,0.76,0.19,0.25,1.00,8.0,0,0,0,0.4,0.4,0.10,+0.6,+0.6,Matches,fc62f087
101,Justin Diehl,de GER,MFFW,Köln,18-162,2004,0.2,0,0,0,,0.00,0.00,,,,0,0,0,0.0,0.0,,0.0,0.0,Matches,d82a310a
102,Florian Dietz,de GER,FW,Köln,24-278,1998,4.4,1,17,6,35.3,3.87,1.37,0.06,0.17,11.9,0,0,0,2.5,2.5,0.15,-1.5,-1.5,Matches,8779ddf8
103,Junior Dina Ebimbe,fr FRA,DFMF,Eint Frankfurt,22-168,2000,11.4,2,23,9,39.1,2.02,0.79,0.09,0.22,14.9,0,0,0,2.9,2.9,0.13,-0.9,-0.9,Matches,95bb6ddc
104,Eren Dinkçi,de GER,FWMF,Werder Bremen,21-146,2001,2.4,0,6,0,0.0,2.55,0.00,0.00,,15.4,0,0,0,0.4,0.4,0.07,-0.4,-0.4,Matches,4ccd8957
105,Ritsu Doan,jp JPN,FWMF,Freiburg,24-326,1998,24.2,5,51,25,49.0,2.11,1.03,0.10,0.20,17.4,0,0,0,6.5,6.5,0.13,-1.5,-1.5,Matches,d01bbb6f
106,Danilho Doekhi,nl NED,DF,Union Berlin,24-312,1998,21.6,4,11,7,63.6,0.51,0.32,0.36,0.57,11.4,0,0,0,1.5,1.5,0.14,+2.5,+2.5,Matches,f67c9d29
107,Kasper Dolberg,dk DEN,FWMF,Hoffenheim,25-214,1997,4.3,1,7,3,42.9,1.64,0.70,0.14,0.33,16.7,0,0,0,0.5,0.5,0.07,+0.5,+0.5,Matches,cc83b74d
108,Niklas Dorsch,de GER,MF,Augsburg,25-113,1998,2.4,0,0,0,,0.00,0.00,,,,0,0,0,0.0,0.0,,0.0,0.0,Matches,7f73bdf4
109,Dion Drena Beljo,hr CRO,FW,Augsburg,21-068,2002,10.4,3,11,5,45.5,1.06,0.48,0.27,0.60,16.5,0,0,0,1.3,1.3,0.12,+1.7,+1.7,Matches,9a2e3a23
110,Dominick Drexler,de GER,MFFW,Schalke 04,32-347,1990,13.5,4,15,6,40.0,1.11,0.45,0.27,0.67,13.5,0,0,0,2.4,2.4,0.16,+1.6,+1.6,Matches,809940aa
111,Marvin Ducksch,de GER,FW,Werder Bremen,29-062,1994,28.9,12,83,37,44.6,2.88,1.28,0.14,0.32,18.8,12,0,1,10.2,9.4,0.11,+1.8,+2.6,Matches,638a4d71
112,Ondrej Duda,sk SVK,MF,Köln,28-154,1994,7.7,0,12,3,25.0,1.57,0.39,0.00,0.00,18.6,0,0,0,0.7,0.7,0.06,-0.7,-0.7,Matches,79ca3e23
113,Maximilian Eggestein,de GER,MF,Freiburg,26-151,1996,25.2,1,15,4,26.7,0.59,0.16,0.07,0.25,21.0,0,0,0,0.9,0.9,0.06,+0.1,+0.1,Matches,beb882a8
114,Lilian Egloff,de GER,MFFW,Stuttgart,20-261,2002,2.7,0,8,0,0.0,2.99,0.00,0.00,,20.6,0,0,0,0.4,0.4,0.04,-0.4,-0.4,Matches,2f7fec15
115,Kingsley Ehizibue,nl NED,DF,Köln,27-348,1995,0.7,0,1,1,100.0,1.48,1.48,0.00,0.00,35.5,0,0,0,0.0,0.0,0.02,0.0,0.0,Matches,76b2817e
116,Chidera Ejuke,ng NGA,FWMF,Hertha BSC,25-126,1998,9.5,0,22,5,22.7,2.32,0.53,0.00,0.00,20.3,0,0,0,1.4,1.4,0.06,-1.4,-1.4,Matches,e7f3e8a7
117,Nico Elvedi,ch SUI,DF,M'Gladbach,26-220,1996,28.5,3,17,9,52.9,0.60,0.32,0.18,0.33,10.5,0,0,0,2.5,2.5,0.15,+0.5,+0.5,Matches,48035304
118,Wataru Endo,jp JPN,MF,Stuttgart,30-088,1993,29.5,4,39,13,33.3,1.32,0.44,0.10,0.31,16.6,0,0,0,3.5,3.5,0.10,+0.5,+0.5,Matches,c149016b
119,Arne Engels,be BEL,MF,Augsburg,19-242,2003,14.1,0,15,1,6.7,1.06,0.07,0.00,0.00,26.6,1,0,0,0.5,0.5,0.03,-0.5,-0.5,Matches,554bcc91
120,Kimberly Ezekwem,de GER,DF,Freiburg,21-323,2001,0.1,0,0,0,,0.00,0.00,,,,0,0,0,0.0,0.0,,0.0,0.0,Matches,56e6a1c9
121,Ralf Fährmann,de GER,GK,Schalke 04,34-223,1988,10.4,0,0,0,,0.00,0.00,,,,0,0,0,0.0,0.0,,0.0,0.0,Matches,1e43fad8
122,Ohis Felix Uduokhai,de GER,DF,Augsburg,25-241,1997,14.7,0,3,1,33.3,0.20,0.07,0.00,0.00,9.2,0,0,0,0.2,0.2,0.08,-0.2,-0.2,Matches,677da306
123,Edimilson Fernandes,ch SUI,DF,Mainz 05,27-023,1996,24.1,0,12,2,16.7,0.50,0.08,0.00,0.00,24.0,2,0,0,0.6,0.6,0.05,-0.6,-0.6,Matches,3bb625ac
124,Kilian Fischer,de GER,DFFW,Wolfsburg,22-208,2000,5.6,0,3,1,33.3,0.54,0.18,0.00,0.00,19.8,0,0,0,0.3,0.3,0.12,-0.3,-0.3,Matches,79f7302a
125,Mark Flekken,nl NED,GK,Freiburg,29-329,1993,31.0,0,0,0,,0.00,0.00,,,,0,0,0,0.0,0.0,,0.0,0.0,Matches,a92ab7be
126,Florian Flick,de GER,MF,Schalke 04,23-007,2000,5.7,0,2,1,50.0,0.35,0.18,0.00,0.00,24.9,0,0,0,0.1,0.1,0.04,-0.1,-0.1,Matches,9642c929
127,Emil Forsberg,se SWE,MFFW,RB Leipzig,31-197,1991,14.6,6,19,9,47.4,1.30,0.61,0.21,0.44,18.0,1,2,2,4.7,3.1,0.16,+1.3,+0.9,Matches,9a2e0ccc
128,Philipp Förster,de GER,MF,Bochum,28-093,1995,12.2,2,12,5,41.7,0.98,0.41,0.17,0.40,20.8,2,0,0,0.7,0.7,0.06,+1.3,+1.3,Matches,76fa965f
129,Timothy Fosu-Mensah,nl NED,DF,Leverkusen,25-126,1998,2.1,0,3,2,66.7,1.41,0.94,0.00,0.00,24.5,0,0,0,0.1,0.1,0.04,-0.1,-0.1,Matches,a9142dc3
130,Raphael Framberger,de GER,DFFW,Augsburg,27-244,1995,2.0,0,0,0,,0.00,0.00,,,,0,0,0,0.0,0.0,,0.0,0.0,Matches,626fab5f
131,Bartol Franjić,hr CRO,MF,Wolfsburg,23-114,2000,2.5,0,2,2,100.0,0.79,0.79,0.00,0.00,11.6,0,0,0,0.3,0.3,0.13,-0.3,-0.3,Matches,697dc00a
132,Oscar Fraulo,dk DEN,FWMF,M'Gladbach,19-153,2003,0.1,0,0,0,,0.00,0.00,,,,0,0,0,0.0,0.0,,0.0,0.0,Matches,458e3479
133,Michael Frey,ch SUI,FW,Schalke 04,28-293,1994,8.9,0,26,9,34.6,2.91,1.01,0.00,0.00,15.7,0,0,0,1.6,1.6,0.06,-1.6,-1.6,Matches,33182cb8
134,Marco Friedl,at AUT,DF,Werder Bremen,25-053,1998,25.8,0,5,1,20.0,0.19,0.04,0.00,0.00,22.1,0,0,0,0.5,0.5,0.10,-0.5,-0.5,Matches,f86ad3f5
135,Marvin Friedrich,de GER,DF,M'Gladbach,27-146,1995,11.9,1,8,3,37.5,0.67,0.25,0.13,0.33,13.5,0,0,0,0.7,0.7,0.09,+0.3,+0.3,Matches,b77f44a4
136,Jeremie Frimpong,nl NED,DFMF,Leverkusen,22-149,2000,27.1,8,35,17,48.6,1.29,0.63,0.23,0.47,11.8,0,0,0,7.2,7.2,0.21,+0.8,+0.8,Matches,74f2e748
137,Chris Führich,de GER,FWMF,Stuttgart,25-119,1998,19.6,4,39,11,28.2,1.99,0.56,0.08,0.27,18.7,0,1,1,3.3,2.5,0.07,+0.7,+0.5,Matches,0cf778df
138,Angelo Fulgini,fr FRA,MF,Mainz 05,26-261,1996,5.8,0,8,4,50.0,1.37,0.69,0.00,0.00,18.6,0,0,0,0.6,0.6,0.07,-0.6,-0.6,Matches,4b96c347
139,Niclas Füllkrug,de GER,FW,Werder Bremen,30-088,1993,25.5,16,73,31,42.5,2.86,1.21,0.15,0.35,16.1,0,5,5,12.6,8.4,0.12,+3.4,+2.6,Matches,4f16405e
140,Cristian Gamboa,cr CRC,DF,Bochum,33-196,1989,16.4,0,8,1,12.5,0.49,0.06,0.00,0.00,29.6,0,0,0,0.2,0.2,0.02,-0.2,-0.2,Matches,f27680d9
141,Silvère Ganvoula M'Boussy,cg CGO,FWMF,Bochum,26-320,1996,2.7,0,9,3,33.3,3.28,1.09,0.00,0.00,20.2,0,0,0,0.5,0.5,0.05,-0.5,-0.5,Matches,6c731625
142,Dario Gebuhr,de GER,DF,Eint Frankfurt,20-002,2003,0.2,0,0,0,,0.00,0.00,,,,0,0,0,0.0,0.0,,0.0,0.0,Matches,277be51d
143,Dennis Geiger,de GER,MF,Hoffenheim,24-332,1998,21.0,1,5,3,60.0,0.24,0.14,0.20,0.33,24.7,0,0,0,0.2,0.2,0.03,+0.8,+0.8,Matches,37f606f0
144,Yannick Gerhardt,de GER,MF,Wolfsburg,29-056,1994,18.5,6,26,13,50.0,1.40,0.70,0.23,0.46,12.0,0,0,0,5.6,5.6,0.21,+0.4,+0.4,Matches,62ab9184
145,Niko Gießelmann,de GER,DF,Union Berlin,31-224,1991,14.4,0,19,3,15.8,1.32,0.21,0.00,0.00,19.6,1,0,0,1.1,1.1,0.06,-1.1,-1.1,Matches,7242b495
146,Rafał Gikiewicz,pl POL,GK,Augsburg,35-194,1987,23.0,0,0,0,,0.00,0.00,,,,0,0,0,0.0,0.0,,0.0,0.0,Matches,17376543
147,Matthias Ginter,de GER,DF,Freiburg,29-109,1994,31.0,4,17,9,52.9,0.55,0.29,0.24,0.44,11.9,0,0,0,1.4,1.4,0.08,+2.6,+2.6,Matches,f521b80a
148,Serge Gnabry,de GER,FWMF,Bayern Munich,27-298,1995,19.0,11,75,34,45.3,3.94,1.79,0.13,0.29,15.8,1,1,1,9.8,9.0,0.12,+1.2,+1.0,Matches,88e357ef
149,Jacek Góralski,pl POL,MF,Bochum,30-229,1992,1.6,0,0,0,,0.00,0.00,,,,0,0,0,0.0,0.0,,0.0,0.0,Matches,83b9c48f
150,Leon Goretzka,de GER,MF,Bayern Munich,28-091,1995,18.1,3,39,13,33.3,2.16,0.72,0.08,0.23,17.2,0,0,0,4.7,4.7,0.12,-1.7,-1.7,Matches,cc86b9a3
151,Mario Götze,de GER,MF,Eint Frankfurt,30-339,1992,27.4,3,23,7,30.4,0.84,0.26,0.13,0.43,16.5,0,0,0,3.0,3.0,0.13,0.0,0.0,Matches,9efa1d25
152,Jeffrey Gouweleeuw,nl NED,DF,Augsburg,31-302,1991,28.1,0,15,4,26.7,0.53,0.14,0.00,0.00,15.4,0,0,0,1.4,1.4,0.10,-1.4,-1.4,Matches,1025db8e
153,Ryan Gravenberch,nl NED,MF,Bayern Munich,20-357,2002,5.1,0,10,3,30.0,1.97,0.59,0.00,0.00,19.8,0,0,0,0.8,0.8,0.08,-0.8,-0.8,Matches,b8e740fb
154,Michael Gregoritsch,at AUT,FW,Freiburg,29-020,1994,23.4,10,65,37,56.9,2.78,1.58,0.15,0.27,14.8,1,0,0,9.6,9.6,0.15,+0.4,+0.4,Matches,8e235926
155,Leo Greiml,at AUT,DF,Schalke 04,21-309,2001,4.0,0,1,1,100.0,0.25,0.25,0.00,0.00,10.8,0,0,0,0.1,0.1,0.11,-0.1,-0.1,Matches,f9dfb7ae
156,Vincenzo Grifo,it ITA,FWMF,Freiburg,30-031,1993,24.0,13,50,21,42.0,2.09,0.88,0.14,0.33,22.9,14,6,7,8.8,3.2,0.06,+4.2,+3.8,Matches,54e4866f
157,Lennart Grill,de GER,GK,Union Berlin,24-103,1999,5.0,0,0,0,,0.00,0.00,,,,0,0,0,0.0,0.0,,0.0,0.0,Matches,37998008
158,Christian Groß,de GER,MF,Werder Bremen,34-089,1989,20.5,1,5,1,20.0,0.24,0.05,0.20,1.00,26.0,0,0,0,0.2,0.2,0.03,+0.8,+0.8,Matches,14a7af33
159,Brajan Gruda,de GER,MF,Mainz 05,18-342,2004,0.0,0,0,0,,0.00,0.00,,,,0,0,0,0.0,0.0,,0.0,0.0,Matches,ae9b998d
160,Ilia Gruev,bg BUL,MF,Werder Bremen,23-002,2000,15.3,0,5,1,20.0,0.33,0.07,0.00,0.00,25.5,0,0,0,0.2,0.2,0.04,-0.2,-0.2,Matches,1fc4f3d1
161,Carlos Gruezo,ec ECU,MF,Augsburg,28-019,1995,10.7,0,2,0,0.0,0.19,0.00,0.00,,32.1,0,0,0,0.0,0.0,0.02,0.0,0.0,Matches,f2dd9a21
162,Raphaël Guerreiro,pt POR,DFMF,Dortmund,29-137,1993,23.2,3,26,12,46.2,1.12,0.52,0.12,0.25,19.9,5,0,0,2.2,2.2,0.08,+0.8,+0.8,Matches,048a1cbc
163,Josuha Guilavogui,fr FRA,MFDF,Wolfsburg,32-231,1990,10.1,1,4,1,25.0,0.40,0.10,0.25,1.00,12.8,0,0,0,0.3,0.3,0.07,+0.7,+0.7,Matches,e6c43eec
164,Sehrou Guirassy,gn GUI,FW,Stuttgart,27-057,1996,15.3,9,41,16,39.0,2.67,1.04,0.20,0.50,15.9,3,1,1,8.5,7.7,0.19,+0.5,+0.3,Matches,923f4dda
165,Péter Gulácsi,hu HUN,GK,RB Leipzig,33-002,1990,6.0,0,0,0,,0.00,0.00,,,,0,0,0,0.0,0.0,,0.0,0.0,Matches,bcb2ccd8
166,Manuel Gulde,de GER,DF,Freiburg,32-085,1991,6.0,0,1,0,0.0,0.17,0.00,0.00,,7.2,0,0,0,0.1,0.1,0.14,-0.1,-0.1,Matches,25ab9c9c
167,Robert Gumny,pl POL,DF,Augsburg,24-338,1998,21.6,1,9,3,33.3,0.42,0.14,0.11,0.33,13.2,0,0,0,0.7,0.7,0.08,+0.3,+0.3,Matches,1df0c0b9
168,Christian Günter,de GER,DFMF,Freiburg,30-069,1993,29.5,0,26,6,23.1,0.88,0.20,0.00,0.00,21.6,0,0,0,1.2,1.2,0.05,-1.2,-1.2,Matches,8593f88c
169,Joško Gvardiol,hr CRO,DF,RB Leipzig,21-105,2002,22.9,1,14,4,28.6,0.61,0.17,0.07,0.25,14.2,0,0,0,1.8,1.8,0.13,-0.8,-0.8,Matches,5ad50391
170,Janik Haberer,de GER,MF,Union Berlin,29-036,1994,22.1,5,31,13,41.9,1.40,0.59,0.16,0.38,18.8,0,0,0,3.3,3.3,0.10,+1.7,+1.7,Matches,70dcf94d
171,Alexander Hack,de GER,DF,Mainz 05,29-242,1993,12.6,0,3,0,0.0,0.24,0.00,0.00,,12.7,0,0,0,0.1,0.1,0.03,-0.1,-0.1,Matches,a5ec3ede
172,André Hahn,de GER,FWMF,Augsburg,32-268,1990,4.3,2,7,2,28.6,1.61,0.46,0.29,1.00,21.4,0,0,0,0.4,0.4,0.06,+1.6,+1.6,Matches,cd82452e
173,Amadou Haidara,ml MLI,MF,RB Leipzig,25-097,1998,13.9,2,16,4,25.0,1.15,0.29,0.13,0.50,23.0,0,0,0,2.7,2.7,0.17,-0.7,-0.7,Matches,92432bc6
174,Sébastien Haller,ci CIV,FW,Dortmund,28-320,1994,10.7,5,20,13,65.0,1.86,1.21,0.25,0.38,8.6,0,0,0,5.1,5.1,0.26,-0.1,-0.1,Matches,ba115a40
175,Marcel Halstenberg,de GER,DF,RB Leipzig,31-223,1991,15.4,1,8,2,25.0,0.52,0.13,0.13,0.50,12.1,0,0,0,1.0,1.0,0.13,0.0,0.0,Matches,8ff2354e
176,Andreas Hanche-Olsen,no NOR,DF,Mainz 05,26-111,1997,14.6,0,6,1,16.7,0.41,0.07,0.00,0.00,14.9,0,0,0,0.4,0.4,0.06,-0.4,-0.4,Matches,2e77d607
177,Genki Haraguchi,jp JPN,MF,Stuttgart,31-364,1991,8.3,0,5,1,20.0,0.60,0.12,0.00,0.00,24.8,1,0,0,0.3,0.3,0.06,-0.3,-0.3,Matches,f24ea523
178,Genki Haraguchi,jp JPN,MF,Union Berlin,31-364,1991,5.5,0,6,1,16.7,1.08,0.18,0.00,0.00,21.4,0,0,0,0.3,0.3,0.04,-0.3,-0.3,Matches,f24ea523
179,Makoto Hasebe,jp JPN,DF,Eint Frankfurt,39-110,1984,13.6,0,0,0,,0.00,0.00,,,,0,0,0,0.0,0.0,,0.0,0.0,Matches,9ab16552
180,Thorgan Hazard,be BEL,FWDF,Dortmund,30-040,1993,5.2,0,8,3,37.5,1.55,0.58,0.00,0.00,14.2,0,0,0,1.3,1.3,0.17,-1.3,-1.3,Matches,50871bcc
181,Jonas Hector,de GER,DF,Köln,32-346,1990,28.4,0,22,4,18.2,0.78,0.14,0.00,0.00,15.6,0,0,0,1.5,1.5,0.07,-1.5,-1.5,Matches,c2009df3
182,Dominique Heintz,de GER,DF,Bochum,29-266,1993,6.4,0,2,0,0.0,0.31,0.00,0.00,,6.8,0,0,0,0.2,0.2,0.11,-0.2,-0.2,Matches,699fb8db
183,Benjamin Henrichs,de GER,DFMF,RB Leipzig,26-074,1997,23.0,2,30,4,13.3,1.30,0.17,0.07,0.50,21.3,0,0,0,1.2,1.2,0.04,+0.8,+0.8,Matches,0a89e877
184,Lucas Hernández,fr FRA,DF,Bayern Munich,27-083,1996,5.3,0,0,0,,0.00,0.00,,,,0,0,0,0.0,0.0,,0.0,0.0,Matches,c3ee18ef
185,Patrick Herrmann,de GER,FWMF,M'Gladbach,32-085,1991,1.7,1,6,2,33.3,3.53,1.18,0.17,0.50,19.7,0,0,0,0.4,0.4,0.06,+0.6,+0.6,Matches,dfb6490a
186,Piero Hincapié,ec ECU,DF,Leverkusen,21-119,2002,25.3,1,16,5,31.3,0.63,0.20,0.06,0.20,17.4,0,0,0,1.2,1.2,0.08,-0.2,-0.2,Matches,0c7a48f8
187,Adam Hložek,cz CZE,FWMF,Leverkusen,20-287,2002,14.0,5,29,11,37.9,2.07,0.78,0.17,0.45,17.0,2,0,0,2.7,2.7,0.09,+2.3,+2.3,Matches,5521f419
188,Nicolas Höfler,de GER,MF,Freiburg,33-060,1990,29.3,0,20,4,20.0,0.68,0.14,0.00,0.00,15.2,0,0,0,1.7,1.7,0.08,-1.7,-1.7,Matches,5d8e331f
189,Jonas Hofmann,de GER,FWMF,M'Gladbach,30-298,1992,26.8,10,36,18,50.0,1.34,0.67,0.28,0.56,18.3,3,0,1,6.3,5.6,0.16,+3.7,+4.4,Matches,2903a856
190,Philipp Hofmann,de GER,FW,Bochum,30-039,1993,26.3,8,44,19,43.2,1.67,0.72,0.18,0.42,12.9,0,0,0,8.0,8.0,0.18,0.0,0.0,Matches,877bc844
191,Lucas Höler,de GER,FWMF,Freiburg,28-302,1994,13.7,5,27,14,51.9,1.97,1.02,0.19,0.36,14.5,0,0,0,2.9,2.9,0.11,+2.1,+2.1,Matches,ca618d23
192,Gerrit Holtmann,ph PHI,FWMF,Bochum,28-044,1995,10.1,1,29,14,48.3,2.87,1.39,0.03,0.07,19.8,0,0,0,2.3,2.3,0.08,-1.3,-1.3,Matches,2979c05a
193,Jannes Horn,de GER,DFFW,Bochum,26-091,1997,0.7,0,0,0,,0.00,0.00,,,,0,0,0,0.0,0.0,,0.0,0.0,Matches,2b83fa49
194,Lukáš Hrádecký,fi FIN,GK,Leverkusen,33-165,1989,30.0,0,0,0,,0.00,0.00,,,,0,0,0,0.0,0.0,,0.0,0.0,Matches,ad3389d5
195,Timo Hübers,de GER,DF,Köln,26-292,1996,25.4,1,9,4,44.4,0.35,0.16,0.11,0.25,13.1,0,0,0,1.0,1.0,0.11,0.0,0.0,Matches,94302c52
196,Callum Hudson-Odoi,eng ENG,FWMF,Leverkusen,22-182,2000,6.7,0,4,1,25.0,0.60,0.15,0.00,0.00,20.4,0,0,0,0.2,0.2,0.05,-0.2,-0.2,Matches,15f3ec41
197,Mats Hummels,de GER,DF,Dortmund,34-143,1988,19.8,1,13,2,15.4,0.66,0.10,0.08,0.50,9.2,0,0,0,1.7,1.7,0.13,-0.7,-0.7,Matches,05d548d8
198,Denis Huseinbasic,de GER,MFFW,Köln,21-309,2001,8.1,3,15,3,20.0,1.85,0.37,0.20,1.00,14.4,0,0,0,2.1,2.1,0.14,+0.9,+0.9,Matches,b116c6e3
199,Iago,br BRA,DFMF,Augsburg,26-046,1997,17.8,0,9,0,0.0,0.51,0.00,0.00,,19.2,0,0,0,0.4,0.4,0.04,-0.4,-0.4,Matches,054849d2
200,Arijon Ibrahimović,de GER,MF,Bayern Munich,17-148,2005,0.2,0,2,2,100.0,12.86,12.86,0.00,0.00,6.9,0,0,0,0.5,0.5,0.26,-0.5,-0.5,Matches,f5c4fd91
201,Marcus Ingvartsen,dk DEN,FWMF,Mainz 05,27-124,1996,12.9,9,30,12,40.0,2.33,0.93,0.17,0.42,16.0,1,4,4,7.5,4.3,0.15,+1.5,+0.7,Matches,271b8617
202,Ko Itakura,jp JPN,DF,M'Gladbach,26-101,1997,19.5,0,10,4,40.0,0.51,0.21,0.00,0.00,15.4,0,0,0,0.5,0.5,0.05,-0.5,-0.5,Matches,97d545ae
203,Hiroki Ito,jp JPN,DF,Stuttgart,23-361,1999,25.5,1,19,7,36.8,0.75,0.27,0.05,0.14,33.4,2,0,0,0.8,0.8,0.04,+0.2,+0.2,Matches,204dded0
204,Andreas Ivan,ro ROU,MF,Schalke 04,28-118,1995,0.5,0,1,0,0.0,1.96,0.00,0.00,,26.5,1,0,0,0.0,0.0,0.04,0.0,0.0,Matches,8bf58a80
205,Lee Jae-sung,kr KOR,MF,Mainz 05,30-271,1992,19.3,7,34,16,47.1,1.76,0.83,0.21,0.44,14.7,0,0,0,4.2,4.2,0.12,+2.8,+2.8,Matches,34b0387f
206,Paul Jaeckel,de GER,DF,Union Berlin,24-290,1998,12.4,1,2,2,100.0,0.16,0.16,0.50,0.50,11.3,0,0,0,0.1,0.1,0.07,+0.9,+0.9,Matches,a93b6f4e
207,Kristijan Jakić,hr CRO,DFMF,Eint Frankfurt,25-359,1997,16.2,1,8,4,50.0,0.49,0.25,0.13,0.25,17.5,0,0,0,0.7,0.7,0.09,+0.3,+0.3,Matches,a8ee54ad
208,Jan Jakob Olschowsky,de GER,GK,M'Gladbach,21-171,2001,2.0,0,0,0,,0.00,0.00,,,,0,0,0,0.0,0.0,,0.0,0.0,Matches,fa4cabd1
209,Saidy Janko,gm GAM,DF,Bochum,27-198,1995,9.6,0,1,0,0.0,0.10,0.00,0.00,,21.9,0,0,0,0.0,0.0,0.05,0.0,0.0,Matches,689c9cf4
210,Tony Jantschke,de GER,DFMF,M'Gladbach,33-031,1990,1.0,0,0,0,,0.00,0.00,,,,0,0,0,0.0,0.0,,0.0,0.0,Matches,34b54da7
211,Fredrik Jensen,fi FIN,FWMF,Augsburg,25-241,1997,10.3,2,11,3,27.3,1.07,0.29,0.18,0.67,16.6,0,0,0,1.8,1.8,0.16,+0.2,+0.2,Matches,3eeb80e0
212,Moritz Jenz,de GER,DF,Schalke 04,24-008,1999,9.5,0,8,2,25.0,0.84,0.21,0.00,0.00,9.0,0,0,0,0.9,0.9,0.12,-0.9,-0.9,Matches,ee644761
213,Stevan Jovetić,me MNE,FWMF,Hertha BSC,33-187,1989,7.9,3,20,5,25.0,2.53,0.63,0.15,0.60,19.0,1,0,0,2.0,2.0,0.10,+1.0,+1.0,Matches,f36c432f
214,Anthony Jung,de GER,DFFW,Werder Bremen,31-186,1991,27.1,2,17,6,35.3,0.63,0.22,0.12,0.33,17.0,0,0,0,1.3,1.3,0.08,+0.7,+0.7,Matches,de838f86
215,Josip Juranović,hr CRO,DF,Union Berlin,27-265,1995,10.0,2,5,1,20.0,0.50,0.10,0.20,1.00,29.5,1,1,1,1.5,0.8,0.15,+0.5,+0.2,Matches,0a084b35
216,Ozan Kabak,tr TUR,DF,Hoffenheim,23-044,2000,23.9,2,24,6,25.0,1.00,0.25,0.08,0.33,13.8,0,0,0,1.3,1.3,0.05,+0.7,+0.7,Matches,2d61d13a
217,Pavel Kadeřábek,cz CZE,DF,Hoffenheim,31-013,1992,18.5,1,8,1,12.5,0.43,0.05,0.13,1.00,10.5,0,0,0,1.3,1.3,0.17,-0.3,-0.3,Matches,79c90e45
218,Florian Kainz,at AUT,MFFW,Köln,30-196,1992,23.7,6,46,17,37.0,1.94,0.72,0.07,0.18,22.3,6,3,3,5.7,3.3,0.07,+0.3,-0.3,Matches,94c18565
219,Sasa Kalajdzic,at AUT,FW,Stuttgart,25-305,1997,2.6,0,5,1,20.0,1.93,0.39,0.00,0.00,10.8,0,0,0,0.5,0.5,0.10,-0.5,-0.5,Matches,15f24fe7
220,Daichi Kamada,jp JPN,MFFW,Eint Frankfurt,26-276,1996,22.2,7,35,9,25.7,1.57,0.40,0.14,0.56,16.3,4,2,2,7.7,6.1,0.17,-0.7,-1.1,Matches,15b287da
221,Jakub Kamiński,pl POL,FWMF,Wolfsburg,20-337,2002,20.3,2,36,11,30.6,1.78,0.54,0.06,0.18,16.3,0,0,0,4.4,4.1,0.12,-2.4,-2.1,Matches,202b3b68
222,Marcin Kamiński,pl POL,DF,Schalke 04,31-113,1992,5.0,1,3,1,33.3,0.60,0.20,0.33,1.00,20.4,2,0,0,0.2,0.2,0.06,+0.8,+0.8,Matches,463503e2
223,Kevin Kampl,si SVN,MF,RB Leipzig,32-211,1990,14.3,2,7,2,28.6,0.49,0.14,0.29,1.00,19.4,0,0,0,1.1,1.1,0.16,+0.9,+0.9,Matches,b825a650
224,Wilfried Kanga,ci CIV,FW,Hertha BSC,25-076,1998,15.7,2,25,9,36.0,1.59,0.57,0.08,0.22,11.7,0,0,0,3.3,3.3,0.13,-1.3,-1.3,Matches,b4c816a9
225,Kenan Karaman,tr TUR,FW,Schalke 04,29-064,1994,8.7,1,20,6,30.0,2.31,0.69,0.05,0.17,13.9,0,0,0,2.3,2.3,0.12,-1.3,-1.3,Matches,8f0f2230
226,Atakan Karazor,de GER,MF,Stuttgart,26-207,1996,18.9,0,5,0,0.0,0.26,0.00,0.00,,19.3,0,0,0,0.3,0.3,0.05,-0.3,-0.3,Matches,5762be5c
227,Thomas Kastanaras,gr GRE,FWDF,Stuttgart,20-119,2003,0.8,0,2,1,50.0,2.50,1.25,0.00,0.00,13.7,0,0,0,0.3,0.3,0.13,-0.3,-0.3,Matches,778ccc44
228,Silas Katompa,cd COD,FWMF,Stuttgart,24-214,1998,19.6,5,42,16,38.1,2.14,0.81,0.10,0.25,16.1,0,1,1,6.5,5.7,0.14,-1.5,-1.7,Matches,de4cac2d
229,Yannik Keitel,de GER,MF,Freiburg,23-082,2000,6.1,0,1,1,100.0,0.16,0.16,0.00,0.00,10.5,0,0,0,0.1,0.1,0.05,-0.1,-0.1,Matches,d2c580ce
230,Marc-Oliver Kempf,de GER,DF,Hertha BSC,28-100,1995,28.1,1,16,5,31.3,0.57,0.18,0.06,0.20,11.5,0,0,0,1.5,1.5,0.10,-0.5,-0.5,Matches,815c314f
231,Jonjoe Kenny,eng ENG,DF,Hertha BSC,26-054,1997,21.9,0,6,1,16.7,0.27,0.05,0.00,0.00,24.9,0,0,0,0.3,0.3,0.04,-0.3,-0.3,Matches,099e666f
232,Rani Khedira,de GER,MF,Union Berlin,29-101,1994,29.0,1,22,2,9.1,0.76,0.07,0.05,0.50,22.1,0,0,0,1.6,1.6,0.07,-0.6,-0.6,Matches,59e4b92e
233,Luca Kilian,de GER,DF,Köln,23-249,1999,12.2,1,4,1,25.0,0.33,0.08,0.25,1.00,9.8,0,0,0,1.1,1.1,0.28,-0.1,-0.1,Matches,610aa1e9
234,Joshua Kimmich,de GER,MF,Bayern Munich,28-089,1995,28.4,4,26,11,42.3,0.91,0.39,0.15,0.36,25.2,3,0,0,1.4,1.4,0.05,+2.6,+2.6,Matches,49296448
235,Lukas Klostermann,de GER,DF,RB Leipzig,26-339,1996,8.3,0,6,1,16.7,0.73,0.12,0.00,0.00,17.9,0,0,0,0.3,0.3,0.06,-0.3,-0.3,Matches,ca8033cb
236,Ansgar Knauff,de GER,DF,Eint Frankfurt,21-118,2002,13.9,1,15,7,46.7,1.08,0.50,0.07,0.14,19.7,0,0,0,0.9,0.9,0.06,+0.1,+0.1,Matches,19a967ab
237,Robin Knoche,de GER,DF,Union Berlin,30-351,1992,29.9,2,8,1,12.5,0.27,0.03,0.13,1.00,16.0,0,1,2,2.4,0.8,0.10,-0.4,+0.2,Matches,6bd5cd5d
238,Gregor Kobel,ch SUI,GK,Dortmund,25-153,1997,24.0,0,0,0,,0.00,0.00,,,,0,0,0,0.0,0.0,,0.0,0.0,Matches,cd59b9df
239,Dominik Kohr,de GER,MF,Mainz 05,29-097,1994,23.5,3,37,8,21.6,1.58,0.34,0.08,0.38,21.0,0,0,0,2.0,2.0,0.05,+1.0,+1.0,Matches,0fbecd11
240,Randal Kolo Muani,fr FRA,FW,Eint Frankfurt,24-154,1998,26.5,13,64,25,39.1,2.41,0.94,0.17,0.44,13.2,0,2,2,11.5,10.0,0.16,+1.5,+1.0,Matches,c0b3669f
241,Timothée Kolodziejczak,fr FRA,DF,Schalke 04,31-219,1991,0.3,0,0,0,,0.00,0.00,,,,0,0,0,0.0,0.0,,0.0,0.0,Matches,ab096c6f
242,Kouadio Koné,fr FRA,MF,M'Gladbach,21-356,2001,27.3,1,25,13,52.0,0.92,0.48,0.04,0.08,24.8,0,0,0,1.2,1.2,0.05,-0.2,-0.2,Matches,86574238
243,Odilon Kossonou,ci CIV,DF,Leverkusen,22-124,2001,16.9,0,3,0,0.0,0.18,0.00,0.00,,23.8,0,0,0,0.2,0.2,0.05,-0.2,-0.2,Matches,1f3afdcb
244,Filip Kostić,rs SRB,DFMF,Eint Frankfurt,30-188,1992,0.8,0,1,0,0.0,1.22,0.00,0.00,,21.1,0,0,0,0.0,0.0,0.02,0.0,0.0,Matches,b1cd37e6
245,Tomáš Koubek,cz CZE,GK,Augsburg,30-255,1992,8.0,0,0,0,,0.00,0.00,,,,0,0,0,0.0,0.0,,0.0,0.0,Matches,dc366c36
246,Soichiro Kozuki,jp JPN,FWMF,Schalke 04,22-137,2000,4.2,1,14,6,42.9,3.32,1.42,0.07,0.17,18.9,0,0,0,1.1,1.1,0.08,-0.1,-0.1,Matches,f1e855eb
247,Alex Král,cz CZE,MF,Schalke 04,24-354,1998,23.2,0,27,2,7.4,1.16,0.09,0.00,0.00,19.5,0,0,0,1.3,1.3,0.05,-1.3,-1.3,Matches,e717705a
248,Andrej Kramarić,hr CRO,MFFW,Hoffenheim,31-323,1991,23.5,10,50,20,40.0,2.13,0.85,0.14,0.35,17.5,4,3,5,11.0,7.0,0.14,-1.0,0.0,Matches,603cb947
249,Christoph Kramer,de GER,MF,M'Gladbach,32-078,1991,23.7,0,6,1,16.7,0.25,0.04,0.00,0.00,22.1,0,0,0,0.4,0.4,0.06,-0.4,-0.4,Matches,496aeede
250,Tom Krauß,de GER,MF,Schalke 04,21-320,2001,26.5,2,24,9,37.5,0.90,0.34,0.08,0.22,18.9,0,0,0,2.1,2.1,0.09,-0.1,-0.1,Matches,9f77012e
251,Max Kruse,de GER,MFFW,Wolfsburg,35-050,1988,3.0,0,9,2,22.2,2.98,0.66,0.00,0.00,13.9,0,0,0,0.7,0.7,0.08,-0.7,-0.7,Matches,f9446dcd
252,Lukas Kübler,de GER,DF,Freiburg,30-251,1992,17.4,2,8,3,37.5,0.46,0.17,0.25,0.67,11.9,0,0,0,0.9,0.9,0.11,+1.1,+1.1,Matches,2a29eb9b
253,Pierre Kunde,cm CMR,MFFW,Bochum,27-286,1995,4.2,1,4,1,25.0,0.95,0.24,0.25,1.00,24.7,0,0,0,0.3,0.3,0.08,+0.7,+0.7,Matches,9ceb7642
254,Alou Kuol,au AUS,FW,Stuttgart,22-223,2000,0.1,0,0,0,,0.00,0.00,,,,0,0,0,0.0,0.0,,0.0,0.0,Matches,f1bc3876
255,Daniel Kyereh,gh GHA,MFFW,Freiburg,27-061,1996,6.2,2,11,5,45.5,1.77,0.81,0.18,0.40,14.9,0,0,0,2.2,2.2,0.20,-0.2,-0.2,Matches,2770726a
256,Maxence Lacroix,fr FRA,DF,Wolfsburg,23-032,2000,18.1,1,4,1,25.0,0.22,0.06,0.25,1.00,8.6,0,0,0,0.5,0.5,0.13,+0.5,+0.5,Matches,277c49ed
257,Aïssa Laïdouni,tn TUN,MF,Union Berlin,26-146,1996,8.3,0,4,0,0.0,0.48,0.00,0.00,,17.4,0,0,0,0.3,0.3,0.07,-0.3,-0.3,Matches,22798128
258,Konrad Laimer,at AUT,MF,RB Leipzig,25-346,1997,13.7,1,14,6,42.9,1.02,0.44,0.07,0.17,20.2,0,0,0,1.2,1.2,0.08,-0.2,-0.2,Matches,c1b7847c
259,Stefan Lainer,at AUT,DF,M'Gladbach,30-254,1992,6.1,0,4,2,50.0,0.65,0.33,0.00,0.00,15.5,0,0,0,0.1,0.1,0.03,-0.1,-0.1,Matches,4aea5077
260,Vassilis Lambropoulos,gr GRE,DF,Bochum,33-038,1990,6.9,0,6,0,0.0,0.87,0.00,0.00,,11.8,0,0,0,0.4,0.4,0.07,-0.4,-0.4,Matches,591477c9
261,Jordan Larsson,se SWE,FWMF,Schalke 04,25-322,1997,5.1,0,10,0,0.0,1.94,0.00,0.00,,16.7,0,0,0,1.2,1.2,0.12,-1.2,-1.2,Matches,72984eee
262,Danny Latza,de GER,MF,Schalke 04,33-152,1989,7.4,0,13,2,15.4,1.76,0.27,0.00,0.00,19.9,1,0,0,0.7,0.7,0.05,-0.7,-0.7,Matches,33b554b7
263,Diogo Leite,pt POR,DF,Union Berlin,24-105,1999,22.5,0,10,0,0.0,0.44,0.00,0.00,,15.5,0,0,0,0.7,0.7,0.07,-0.7,-0.7,Matches,c4987edc
264,Maxim Leitsch,de GER,DF,Mainz 05,24-355,1998,7.4,0,2,1,50.0,0.27,0.14,0.00,0.00,19.1,0,0,0,0.2,0.2,0.09,-0.2,-0.2,Matches,7e12a98d
265,Tim Lemperle,de GER,FWMF,Köln,21-092,2002,1.3,0,2,0,0.0,1.55,0.00,0.00,,12.6,0,0,0,0.1,0.1,0.06,-0.1,-0.1,Matches,792ffa71
266,Christopher Lenz,de GER,DF,Eint Frankfurt,28-228,1994,12.2,0,12,2,16.7,0.99,0.16,0.00,0.00,23.4,1,0,0,0.6,0.6,0.05,-0.6,-0.6,Matches,bbd86530
267,Jamie Leweling,de GER,FW,Union Berlin,22-071,2001,2.6,1,8,5,62.5,3.03,1.89,0.13,0.20,17.2,0,0,0,0.6,0.6,0.08,+0.4,+0.4,Matches,13fe7b69
268,Philipp Lienhart,at AUT,DF,Freiburg,26-301,1996,26.0,1,14,2,14.3,0.54,0.08,0.07,0.50,16.0,0,0,0,1.2,1.2,0.08,-0.2,-0.2,Matches,302527b2
269,Matthijs de Ligt,nl NED,DF,Bayern Munich,23-269,1999,23.8,3,20,8,40.0,0.84,0.34,0.15,0.38,15.8,0,0,0,1.0,1.0,0.05,+2.0,+2.0,Matches,d6e53a3a
270,Dimitris Limnios,gr GRE,FW,Köln,24-346,1998,0.1,0,0,0,,0.00,0.00,,,,0,0,0,0.0,0.0,,0.0,0.0,Matches,62c7067a
271,Jesper Lindstrøm,dk DEN,MFFW,Eint Frankfurt,23-068,2000,17.6,7,43,17,39.5,2.44,0.97,0.16,0.41,18.2,4,0,0,5.8,5.8,0.14,+1.2,+1.2,Matches,37dc1a48
272,Dejan Ljubicic,at AUT,MFFW,Köln,25-212,1997,16.7,4,30,12,40.0,1.79,0.72,0.13,0.33,22.0,0,0,0,2.3,2.3,0.08,+1.7,+1.7,Matches,c455a2b2
273,Anthony Losilla,fr FRA,MF,Bochum,37-059,1986,27.2,1,22,6,27.3,0.81,0.22,0.05,0.17,16.8,0,0,0,1.6,1.6,0.07,-0.6,-0.6,Matches,07c7eb0c
274,Dodi Lukebakio,be BEL,FWMF,Hertha BSC,25-226,1997,24.8,11,55,21,38.2,2.22,0.85,0.11,0.29,20.6,1,5,5,8.2,4.3,0.08,+2.8,+1.7,Matches,0c61c77c
275,Andrey Lunyov,ru RUS,GK,Leverkusen,31-176,1991,1.0,0,0,0,,0.00,0.00,,,,0,0,0,0.0,0.0,,0.0,0.0,Matches,8a6ab963
276,Arne Maier,de GER,MF,Augsburg,24-120,1999,20.2,4,26,9,34.6,1.29,0.45,0.15,0.44,21.4,3,0,0,1.4,1.4,0.05,+2.6,+2.6,Matches,ab700320
277,Linton Maina,de GER,FWMF,Köln,23-319,1999,22.4,3,34,13,38.2,1.52,0.58,0.09,0.23,15.1,0,0,0,4.6,4.6,0.13,-1.6,-1.6,Matches,e5d85da8
278,Donyell Malen,nl NED,FW,Dortmund,24-109,1999,16.5,8,50,26,52.0,3.03,1.57,0.16,0.31,15.7,2,0,0,7.3,7.3,0.15,+0.7,+0.7,Matches,864163f3
279,Sadio Mané,sn SEN,FWMF,Bayern Munich,31-028,1992,15.7,7,53,20,37.7,3.37,1.27,0.11,0.30,12.8,0,1,2,8.9,7.2,0.14,-1.9,-1.2,Matches,c691bfe2
280,Myziane Maolida,fr FRA,FWMF,Hertha BSC,24-083,1999,1.1,0,0,0,,0.00,0.00,,,,0,0,0,0.0,0.0,,0.0,0.0,Matches,706a60e1
281,Omar Marmoush,eg EGY,FW,Wolfsburg,24-090,1999,15.8,5,44,16,36.4,2.78,1.01,0.11,0.31,14.8,1,0,0,5.8,5.8,0.13,-0.8,-0.8,Matches,0e0102eb
282,Eric Martel,de GER,MF,Köln,21-009,2002,19.9,1,24,8,33.3,1.20,0.40,0.04,0.13,20.8,0,0,0,1.4,1.4,0.06,-0.4,-0.4,Matches,92a16062
283,Aarón Martín,es ESP,DF,Mainz 05,26-016,1997,18.8,5,17,6,35.3,0.91,0.32,0.29,0.83,25.5,7,0,1,2.2,1.4,0.08,+2.8,+3.6,Matches,2f3e911a
284,Erhan Mašović,rs SRB,DFMF,Bochum,24-167,1998,21.3,4,16,9,56.3,0.75,0.42,0.25,0.44,13.9,1,0,0,2.5,2.5,0.16,+1.5,+1.5,Matches,a396fb61
285,Henning Matriciani,de GER,DF,Schalke 04,23-055,2000,18.9,0,2,0,0.0,0.11,0.00,0.00,,18.5,0,0,0,0.1,0.1,0.07,-0.1,-0.1,Matches,ab3f1bdf
286,Konstantinos Mavropanos,gr GRE,DF,Stuttgart,25-148,1997,24.2,2,45,12,26.7,1.86,0.50,0.04,0.17,15.4,0,0,0,3.9,3.9,0.09,-1.9,-1.9,Matches,00963611
287,Philipp Max,de GER,DF,Eint Frankfurt,29-220,1993,7.2,0,9,3,33.3,1.25,0.42,0.00,0.00,18.3,2,0,0,0.7,0.7,0.08,-0.7,-0.7,Matches,826e8b63
288,Eric Maxim Choupo-Moting,cm CMR,FW,Bayern Munich,34-046,1989,12.1,10,29,15,51.7,2.39,1.24,0.34,0.67,12.4,0,0,1,6.0,5.2,0.18,+4.0,+4.8,Matches,0e6bc38c
289,Keke Maximilian Topp,de GER,FW,Schalke 04,19-044,2004,0.2,0,1,0,0.0,4.50,0.00,0.00,,11.5,0,0,0,0.0,0.0,0.04,0.0,0.0,Matches,ebb32f3a
290,Ibrahim Maza,de GER,FW,Hertha BSC,17-165,2005,0.3,0,0,0,,0.00,0.00,,,,0,0,0,0.0,0.0,,0.0,0.0,Matches,89b3bc5e
291,Noussair Mazraoui,ma MAR,DFFW,Bayern Munich,25-175,1997,9.1,0,6,0,0.0,0.66,0.00,0.00,,20.3,0,0,0,0.4,0.4,0.07,-0.4,-0.4,Matches,b74277a0
292,Jean-Manuel Mbom,de GER,MF,Werder Bremen,23-073,2000,0.0,0,0,0,,0.00,0.00,,,,0,0,0,0.0,0.0,,0.0,0.0,Matches,1a5d7cb9
293,Nathanael Mbuku,fr FRA,MFFW,Augsburg,21-053,2002,0.4,0,0,0,,0.00,0.00,,,,0,0,0,0.0,0.0,,0.0,0.0,Matches,46750e9c
294,Thomas Meunier,be BEL,DF,Dortmund,31-238,1991,6.5,0,4,0,0.0,0.62,0.00,0.00,,26.5,0,0,0,0.2,0.2,0.04,-0.2,-0.2,Matches,e162b013
295,Alexander Meyer,de GER,GK,Dortmund,32-025,1991,7.0,0,0,0,,0.00,0.00,,,,0,0,0,0.0,0.0,,0.0,0.0,Matches,b56dd813
296,Sven Michel,de GER,FW,Union Berlin,32-297,1990,5.2,3,13,2,15.4,2.51,0.39,0.15,1.00,24.3,0,1,1,1.6,0.8,0.06,+1.4,+1.2,Matches,1e274a0a
297,Enzo Millot,fr FRA,MF,Stuttgart,20-295,2002,9.5,0,15,7,46.7,1.58,0.74,0.00,0.00,18.8,1,0,0,1.0,1.0,0.07,-1.0,-1.0,Matches,f76022e7
298,Maximilian Mittelstädt,de GER,DFMF,Hertha BSC,26-051,1997,8.2,0,6,2,33.3,0.74,0.25,0.00,0.00,23.4,0,0,0,0.3,0.3,0.05,-0.3,-0.3,Matches,88d4144a
299,Anthony Modeste,fr FRA,FW,Dortmund,35-024,1988,8.9,2,23,10,43.5,2.58,1.12,0.09,0.20,11.1,0,0,0,4.3,4.3,0.19,-2.3,-2.3,Matches,34e4343c
300,Tobias Mohr,de GER,DFMF,Schalke 04,27-257,1995,8.8,0,11,1,9.1,1.25,0.11,0.00,0.00,19.9,1,0,0,0.6,0.6,0.05,-0.6,-0.6,Matches,9ec9c8b6
301,Clinton Mola,eng ENG,DF,Stuttgart,22-054,2001,0.2,0,0,0,,0.00,0.00,,,,0,0,0,0.0,0.0,,0.0,0.0,Matches,29ddfb9c
302,Florent Mollet,fr FRA,MF,Schalke 04,31-170,1991,4.6,1,11,1,9.1,2.41,0.22,0.09,1.00,22.1,2,0,0,0.4,0.4,0.03,+0.6,+0.6,Matches,7e82a78f
303,Youssoufa Moukoko,de GER,FW,Dortmund,18-169,2004,12.0,7,33,19,57.6,2.74,1.58,0.21,0.37,15.1,0,0,0,6.3,6.3,0.19,+0.7,+0.7,Matches,6ce43701
304,Florian Müller,de GER,GK,Stuttgart,25-176,1997,19.0,0,0,0,,0.00,0.00,,,,0,0,0,0.0,0.0,,0.0,0.0,Matches,cbac6ec9
305,Thomas Müller,de GER,FWMF,Bayern Munich,33-237,1989,15.8,6,37,19,51.4,2.34,1.20,0.16,0.32,12.6,0,0,0,6.9,6.9,0.19,-0.9,-0.9,Matches,3c6089ab
306,Jamal Musiala,de GER,MFFW,Bayern Munich,20-071,2003,22.4,11,56,22,39.3,2.50,0.98,0.20,0.50,15.1,0,0,0,7.3,7.3,0.13,+3.7,+3.7,Matches,2c0558b8
307,Suliman Mustapha,at AUT,FWMF,Mainz 05,21-349,2001,0.8,0,2,0,0.0,2.65,0.00,0.00,,17.0,0,0,0,0.1,0.1,0.07,-0.1,-0.1,Matches,9ff8ec4a
308,Obite N'Dicka,fr FRA,DF,Eint Frankfurt,23-261,1999,26.9,1,14,3,21.4,0.52,0.11,0.07,0.33,13.0,0,0,0,1.2,1.2,0.09,-0.2,-0.2,Matches,441197b8
309,Nathan N'Goumou,fr FRA,FW,M'Gladbach,23-055,2000,6.8,1,11,4,36.4,1.61,0.58,0.09,0.25,17.3,0,0,0,0.8,0.8,0.07,+0.2,+0.2,Matches,e110ea4b
310,Stanley N'Soki,fr FRA,DF,Hoffenheim,24-029,1999,13.6,1,6,2,33.3,0.44,0.15,0.17,0.50,17.2,0,0,0,0.5,0.5,0.09,+0.5,+0.5,Matches,61590953
311,Nikolas Nartey,dk DEN,DFMF,Stuttgart,23-075,2000,4.3,0,4,0,0.0,0.93,0.00,0.00,,23.9,0,0,0,0.3,0.3,0.07,-0.3,-0.3,Matches,30261ba1
312,Luca Netz,de GER,DF,M'Gladbach,19-358,2003,5.9,0,1,1,100.0,0.17,0.17,0.00,0.00,18.1,0,0,0,0.0,0.0,0.03,0.0,0.0,Matches,e79269bd
313,Manuel Neuer,de GER,GK,Bayern Munich,37-042,1986,12.0,0,2,1,50.0,0.17,0.08,0.00,0.00,9.0,0,0,0,0.2,0.2,0.11,-0.2,-0.2,Matches,8778c910
314,Florian Neuhaus,de GER,MF,M'Gladbach,26-053,1997,13.9,1,25,4,16.0,1.80,0.29,0.04,0.25,21.0,0,0,0,1.8,1.8,0.07,-0.8,-0.8,Matches,36a59ba4
315,Jessic Ngankam,de GER,FWMF,Hertha BSC,22-292,2000,8.3,4,16,6,37.5,1.92,0.72,0.19,0.50,14.5,0,1,1,3.6,2.8,0.17,+0.4,+0.2,Matches,bc249af8
316,Florian Niederlechner,de GER,FWMF,Augsburg,32-196,1990,10.1,4,28,15,53.6,2.77,1.48,0.14,0.27,15.7,0,0,0,2.9,2.9,0.10,+1.1,+1.1,Matches,d6862409
317,Florian Niederlechner,de GER,FW,Hertha BSC,32-196,1990,7.2,1,18,5,27.8,2.51,0.70,0.06,0.20,15.6,0,0,0,1.7,1.7,0.09,-0.7,-0.7,Matches,d6862409
318,Justin Njinmah,de GER,FW,Dortmund,22-174,2000,0.2,0,0,0,,0.00,0.00,,,,0,0,0,0.0,0.0,,0.0,0.0,Matches,a45241d5
319,Christopher Nkunku,fr FRA,FWMF,RB Leipzig,25-175,1997,18.1,13,59,18,30.5,3.26,1.00,0.19,0.61,15.2,6,2,3,11.7,9.4,0.16,+1.3,+1.6,Matches,7c56da38
320,Felix Nmecha,de GER,MF,Wolfsburg,22-210,2000,17.9,3,31,9,29.0,1.73,0.50,0.10,0.33,15.9,0,0,0,2.5,2.5,0.08,+0.5,+0.5,Matches,091c86e2
321,Lukas Nmecha,de GER,FW,Wolfsburg,24-145,1998,10.0,4,22,7,31.8,2.20,0.70,0.18,0.57,14.1,0,0,0,3.0,3.0,0.14,+1.0,+1.0,Matches,0cc5f4a5
322,Hugo Novoa,es ESP,DFFW,RB Leipzig,20-127,2003,2.0,1,3,2,66.7,1.47,0.98,0.33,0.50,13.2,0,0,0,0.9,0.9,0.29,+0.1,+0.1,Matches,5458f670
323,Ørjan Nyland,no NOR,GK,RB Leipzig,32-240,1990,1.0,0,0,0,,0.00,0.00,,,,0,0,0,0.0,0.0,,0.0,0.0,Matches,bdedffac
324,Tim Oermann,de GER,DF,Bochum,19-214,2003,2.2,0,0,0,,0.00,0.00,,,,0,0,0,0.0,0.0,,0.0,0.0,Matches,57ec75bf
325,Finn Ole Becker,de GER,MF,Hoffenheim,22-334,2000,4.1,0,5,2,40.0,1.21,0.48,0.00,0.00,24.0,0,0,0,0.4,0.4,0.07,-0.4,-0.4,Matches,dd2e62da
326,Mathias Olesen,lu LUX,MF,Köln,22-048,2001,5.3,0,0,0,,0.00,0.00,,,,0,0,0,0.0,0.0,,0.0,0.0,Matches,86adbcc7
327,Dani Olmo,es ESP,MFFW,RB Leipzig,25-001,1998,12.3,2,39,15,38.5,3.17,1.22,0.05,0.13,22.1,0,0,0,2.6,2.6,0.07,-0.6,-0.6,Matches,ae44e8e2
328,Jonas Omlin,ch SUI,GK,M'Gladbach,29-118,1994,13.3,0,0,0,,0.00,0.00,,,,0,0,0,0.0,0.0,,0.0,0.0,Matches,c631f952
329,Karim Onisiwo,at AUT,FWMF,Mainz 05,31-052,1992,25.2,9,61,28,45.9,2.42,1.11,0.15,0.32,15.9,0,0,0,6.7,6.7,0.11,+2.3,+2.3,Matches,f26834c7
330,Willi Orban,hu HUN,DF,RB Leipzig,30-186,1992,29.8,3,23,8,34.8,0.77,0.27,0.13,0.38,10.2,0,0,0,2.8,2.8,0.12,+0.2,+0.2,Matches,20030c06
331,Ivan Ordets,ua UKR,DF,Bochum,30-304,1992,24.2,0,16,1,6.3,0.66,0.04,0.00,0.00,11.7,0,0,0,1.3,1.3,0.08,-1.3,-1.3,Matches,86c75897
332,Jordi Osei-Tutu,eng ENG,DFFW,Bochum,24-218,1998,8.3,0,12,5,41.7,1.44,0.60,0.00,0.00,19.9,0,0,0,0.7,0.7,0.05,-0.7,-0.7,Matches,0a16eb36
333,Patrick Osterhage,de GER,MF,Bochum,23-096,2000,11.0,0,6,0,0.0,0.54,0.00,0.00,,21.1,0,0,0,0.3,0.3,0.04,-0.3,-0.3,Matches,9662c9ec
334,Paulo Otávio,br BRA,DF,Wolfsburg,28-166,1994,22.7,0,19,1,5.3,0.84,0.04,0.00,0.00,23.9,0,0,0,0.8,0.8,0.04,-0.8,-0.8,Matches,1cbe4984
335,Thomas Ouwejan,nl NED,DF,Schalke 04,26-220,1996,9.7,0,5,1,20.0,0.51,0.10,0.00,0.00,25.8,0,0,0,0.1,0.1,0.03,-0.1,-0.1,Matches,36d9dabe
336,Reece Oxford,eng ENG,DF,Augsburg,24-143,1998,1.0,0,0,0,,0.00,0.00,,,,0,0,0,0.0,0.0,,0.0,0.0,Matches,8b6e0db2
337,Salih Özcan,tr TUR,MF,Dortmund,25-117,1998,16.9,0,2,1,50.0,0.12,0.06,0.00,0.00,10.2,0,0,0,0.2,0.2,0.08,-0.2,-0.2,Matches,15413fa5
338,Levin Öztunalı,de GER,MF,Union Berlin,27-054,1996,0.1,0,0,0,,0.00,0.00,,,,0,0,0,0.0,0.0,,0.0,0.0,Matches,66385c46
339,Exequiel Palacios,ar ARG,MF,Leverkusen,24-215,1998,15.4,3,14,4,28.6,0.91,0.26,0.07,0.25,26.7,0,2,2,2.1,0.5,0.04,+0.9,+0.5,Matches,e82adcab
340,Miloš Pantović,rs SRB,MF,Union Berlin,26-305,1996,2.3,1,5,2,40.0,2.18,0.87,0.20,0.50,18.4,0,0,1,1.4,0.6,0.11,-0.4,+0.4,Matches,5dc15574
341,Antonios Papadopoulos,de GER,DF,Dortmund,23-240,1999,0.1,0,1,0,0.0,6.92,0.00,0.00,,12.0,0,0,0,0.0,0.0,0.01,0.0,0.0,Matches,13d23b29
342,Kevin Paredes,us USA,FWMF,Wolfsburg,20-001,2003,5.5,1,3,2,66.7,0.55,0.36,0.33,0.50,21.2,0,0,0,0.1,0.1,0.05,+0.9,+0.9,Matches,5c50fdbc
343,Marco Pašalić,hr CRO,MF,Dortmund,22-236,2000,0.1,0,1,0,0.0,8.18,0.00,0.00,,22.7,0,0,0,0.0,0.0,0.05,0.0,0.0,Matches,1866b0f1
344,Felix Passlack,de GER,DF,Dortmund,24-344,1998,0.7,0,0,0,,0.00,0.00,,,,0,0,0,0.0,0.0,,0.0,0.0,Matches,5c899683
345,Paulinho,br BRA,FW,Leverkusen,22-297,2000,0.9,1,2,1,50.0,2.20,1.10,0.50,1.00,16.1,0,0,0,0.5,0.5,0.26,+0.5,+0.5,Matches,53070b63
346,Benjamin Pavard,fr FRA,DF,Bayern Munich,27-041,1996,24.0,4,33,11,33.3,1.37,0.46,0.12,0.36,18.5,0,0,0,2.3,2.3,0.07,+1.7,+1.7,Matches,45a03961
347,Jiří Pavlenka,cz CZE,GK,Werder Bremen,31-024,1992,29.3,0,0,0,,0.00,0.00,,,,0,0,0,0.0,0.0,,0.0,0.0,Matches,0a1cb833
348,Kristian Pedersen,dk DEN,DF,Köln,28-277,1994,3.0,0,1,0,0.0,0.34,0.00,0.00,,4.2,0,0,0,0.1,0.1,0.10,-0.1,-0.1,Matches,5154b2ba
349,Mads Pedersen,dk DEN,DFMF,Augsburg,26-249,1996,17.9,0,9,0,0.0,0.50,0.00,0.00,,23.3,1,0,0,0.4,0.4,0.04,-0.4,-0.4,Matches,582a5247
350,Jordan Pefok,us USA,FW,Union Berlin,27-012,1996,14.5,4,30,6,20.0,2.07,0.41,0.13,0.67,12.2,0,0,2,4.3,2.7,0.09,-0.3,+1.3,Matches,b684a484
351,Peter Pekarík,sk SVK,DF,Hertha BSC,36-190,1986,2.0,0,0,0,,0.00,0.00,,,,0,0,0,0.0,0.0,,0.0,0.0,Matches,c18d22f5
352,Luca Pellegrini,it ITA,DF,Eint Frankfurt,24-062,1999,6.2,0,14,2,14.3,2.26,0.32,0.00,0.00,27.7,3,0,0,0.6,0.6,0.04,-0.6,-0.6,Matches,3b61c9ec
353,Ricardo Pepi,us USA,FW,Augsburg,20-119,2003,1.1,0,1,0,0.0,0.95,0.00,0.00,,14.6,0,0,0,0.1,0.1,0.09,-0.1,-0.1,Matches,a2b1ed42
354,Juan Perea,co COL,FW,Stuttgart,23-074,2000,4.6,1,2,1,50.0,0.43,0.22,0.50,1.00,10.6,0,0,0,0.2,0.2,0.09,+0.8,+0.8,Matches,ff3d391c
355,Nils Petersen,de GER,FW,Freiburg,34-153,1988,2.8,0,7,1,14.3,2.46,0.35,0.00,0.00,17.3,0,0,0,0.8,0.8,0.11,-0.8,-0.8,Matches,f93e6e94
356,Lukas Petkov,de GER,MFFW,Augsburg,22-188,2000,1.6,0,2,0,0.0,1.23,0.00,0.00,,29.6,0,0,0,0.0,0.0,0.02,0.0,0.0,Matches,f503ef6e
357,Luca Pfeiffer,de GER,FW,Stuttgart,26-261,1996,7.6,0,12,1,8.3,1.57,0.13,0.00,0.00,13.8,0,0,0,1.6,1.6,0.13,-1.6,-1.6,Matches,83e1f40e
358,Maximilian Philipp,de GER,FW,Wolfsburg,29-068,1994,1.3,0,1,1,100.0,0.78,0.78,0.00,0.00,18.2,0,0,0,0.1,0.1,0.07,-0.1,-0.1,Matches,061e8e23
359,Maximilian Philipp,de GER,FWMF,Werder Bremen,29-068,1994,4.0,1,9,3,33.3,2.26,0.75,0.11,0.33,16.2,0,0,0,1.8,1.8,0.20,-0.8,-0.8,Matches,061e8e23
360,Amos Pieper,de GER,DF,Werder Bremen,25-111,1998,21.7,2,11,4,36.4,0.51,0.18,0.18,0.50,13.0,0,0,0,0.7,0.7,0.07,+1.3,+1.3,Matches,526ea7cc
361,Marvin Plattenhardt,de GER,DF,Hertha BSC,31-102,1992,25.3,0,8,1,12.5,0.32,0.04,0.00,0.00,27.3,4,0,0,0.3,0.3,0.04,-0.3,-0.3,Matches,f7aa75bd
362,Alassane Pléa,fr FRA,FW,M'Gladbach,30-059,1993,19.3,2,27,11,40.7,1.40,0.57,0.04,0.09,18.6,1,1,2,5.0,3.4,0.13,-3.0,-2.4,Matches,bc6bd723
363,Joel Pohjanpalo,fi FIN,FWMF,Leverkusen,28-237,1994,0.0,0,0,0,,0.00,0.00,,,,0,0,0,0.0,0.0,,0.0,0.0,Matches,ea003d07
364,Sebastian Polter,de GER,FWMF,Schalke 04,32-037,1991,5.5,1,8,6,75.0,1.44,1.08,0.13,0.17,10.0,0,0,0,1.3,1.3,0.16,-0.3,-0.3,Matches,3745e8bd
365,Stefan Posch,at AUT,DF,Hoffenheim,25-359,1997,0.2,0,0,0,,0.00,0.00,,,,0,0,0,0.0,0.0,,0.0,0.0,Matches,7f609bfc
366,Yussuf Poulsen,dk DEN,FW,RB Leipzig,28-327,1994,4.1,1,8,5,62.5,1.97,1.23,0.13,0.20,13.1,0,0,0,0.8,0.8,0.10,+0.2,+0.2,Matches,d2416c2e
367,Grischa Prömel,de GER,MF,Hoffenheim,28-119,1995,13.2,1,23,5,21.7,1.74,0.38,0.04,0.20,16.3,0,0,0,2.4,2.4,0.11,-1.4,-1.4,Matches,924f9191
368,Tymoteusz Puchacz,pl POL,DF,Union Berlin,24-105,1999,0.6,0,0,0,,0.00,0.00,,,,0,0,0,0.0,0.0,,0.0,0.0,Matches,c68b1b13
369,Eduardo Quaresma,pt POR,DF,Hoffenheim,21-067,2002,1.0,0,0,0,,0.00,0.00,,,,0,0,0,0.0,0.0,,0.0,0.0,Matches,7ec723b7
370,Joshua Quarshie,de GER,MF,Hoffenheim,18-286,2004,0.0,0,0,0,,0.00,0.00,,,,0,0,0,0.0,0.0,,0.0,0.0,Matches,3c200e05
371,Diant Ramaj,de GER,GK,Eint Frankfurt,21-231,2001,1.0,0,0,0,,0.00,0.00,,,,0,0,0,0.0,0.0,,0.0,0.0,Matches,b90c4a43
372,Nicolai Rapp,de GER,MFDF,Werder Bremen,26-146,1996,0.8,0,1,0,0.0,1.27,0.00,0.00,,12.3,0,0,0,0.1,0.1,0.08,-0.1,-0.1,Matches,c8b3a472
373,David Raum,de GER,DFMF,RB Leipzig,25-016,1998,18.4,0,13,4,30.8,0.71,0.22,0.00,0.00,22.9,0,0,0,0.6,0.6,0.04,-0.6,-0.6,Matches,7d450ed3
374,Rocco Reitz,de GER,MF,M'Gladbach,20-344,2002,0.0,0,0,0,,0.00,0.00,,,,0,0,0,0.0,0.0,,0.0,0.0,Matches,cc971106
375,Marco Reus,de GER,MFFW,Dortmund,33-342,1989,14.1,6,32,9,28.1,2.27,0.64,0.16,0.56,17.2,6,1,1,4.6,3.8,0.12,+1.4,+1.2,Matches,36a3ff67
376,Elvis Rexhbeçaj,de GER,MF,Augsburg,25-188,1997,26.0,0,16,5,31.3,0.62,0.19,0.00,0.00,27.0,0,0,0,0.3,0.3,0.02,-0.3,-0.3,Matches,1ae836b1
377,Gio Reyna,us USA,FWMF,Dortmund,20-176,2002,6.4,6,18,8,44.4,2.82,1.25,0.28,0.63,16.5,1,1,1,3.1,2.3,0.13,+2.9,+2.7,Matches,7fa4e703
378,Marco Richter,de GER,MFFW,Hertha BSC,25-165,1997,17.7,5,43,14,32.6,2.43,0.79,0.12,0.36,22.4,4,0,0,3.5,3.5,0.08,+1.5,+1.5,Matches,f972644c
379,Manuel Riemann,de GER,GK,Bochum,34-241,1988,31.0,0,1,0,0.0,0.03,0.00,0.00,,11.5,0,0,0,0.0,0.0,0.04,0.0,0.0,Matches,9f941969
380,Sebastian Rode,de GER,MF,Eint Frankfurt,32-209,1990,14.1,4,9,4,44.4,0.64,0.28,0.44,1.00,18.7,0,0,0,0.9,0.9,0.10,+3.1,+3.1,Matches,e12b0b5b
381,Agustín Rogel,uy URU,DF,Hertha BSC,25-203,1997,14.0,0,5,0,0.0,0.36,0.00,0.00,,7.6,0,0,0,0.8,0.8,0.16,-0.8,-0.8,Matches,ea42c03f
382,Merlin Röhl,de GER,MFFW,Freiburg,20-307,2002,0.6,0,0,0,,0.00,0.00,,,,0,0,0,0.0,0.0,,0.0,0.0,Matches,1f2c7b55
383,Tom Rothe,de GER,DF,Dortmund,18-191,2004,0.3,0,1,0,0.0,3.46,0.00,0.00,,7.7,0,0,0,0.1,0.1,0.07,-0.1,-0.1,Matches,90c1f9a4
384,Jérôme Roussillon,fr FRA,MFDF,Wolfsburg,30-122,1993,0.2,0,0,0,,0.00,0.00,,,,0,0,0,0.0,0.0,,0.0,0.0,Matches,13203c45
385,Jérôme Roussillon,fr FRA,DF,Union Berlin,30-122,1993,7.7,0,6,1,16.7,0.78,0.13,0.00,0.00,20.6,0,0,0,0.4,0.4,0.07,-0.4,-0.4,Matches,13203c45
386,Sebastian Rudy,de GER,MF,Hoffenheim,33-069,1990,6.9,0,3,1,33.3,0.44,0.15,0.00,0.00,27.4,0,0,0,0.1,0.1,0.03,-0.1,-0.1,Matches,80f36c88
387,Georginio Rutter,fr FRA,FW,Hoffenheim,21-018,2002,11.2,2,27,14,51.9,2.41,1.25,0.07,0.14,15.7,0,0,0,3.0,3.0,0.11,-1.0,-1.0,Matches,c64c01fc
388,Julian Ryerson,no NOR,DF,Union Berlin,25-172,1997,11.5,0,16,5,31.3,1.39,0.43,0.00,0.00,24.0,0,0,0,0.7,0.7,0.04,-0.7,-0.7,Matches,009a4f60
389,Julian Ryerson,no NOR,DF,Dortmund,25-172,1997,13.1,1,9,3,33.3,0.68,0.23,0.11,0.33,21.9,0,0,0,0.5,0.5,0.05,+0.5,+0.5,Matches,009a4f60
390,Frederik Rønnow,dk DEN,GK,Union Berlin,30-277,1992,26.0,0,0,0,,0.00,0.00,,,,0,0,0,0.0,0.0,,0.0,0.0,Matches,a70b8345
391,Marcel Sabitzer,at AUT,MF,Bayern Munich,29-052,1994,7.0,1,15,5,33.3,2.15,0.72,0.07,0.20,21.7,0,0,0,1.1,1.1,0.07,-0.1,-0.1,Matches,e280527c
392,Dikeni Salifou,tg TOG,MF,Werder Bremen,19-334,2003,0.0,0,0,0,,0.00,0.00,,,,0,0,0,0.0,0.0,,0.0,0.0,Matches,e1830c52
393,Roland Sallai,hu HUN,MFFW,Freiburg,25-351,1997,8.5,1,28,10,35.7,3.30,1.18,0.04,0.10,17.5,0,0,0,2.4,2.4,0.08,-1.4,-1.4,Matches,bf075f6b
394,Diadie Samassékou,ml MLI,MFFW,Hoffenheim,27-117,1996,0.4,0,0,0,,0.00,0.00,,,,0,0,0,0.0,0.0,,0.0,0.0,Matches,08593525
395,Leroy Sané,de GER,MFFW,Bayern Munich,27-117,1996,20.1,8,71,28,39.4,3.53,1.39,0.11,0.29,20.2,5,0,0,7.5,7.5,0.11,+0.5,+0.5,Matches,2b114be3
396,Sidi Sané,de GER,FW,Schalke 04,20-017,2003,0.3,0,0,0,,0.00,0.00,,,,0,0,0,0.0,0.0,,0.0,0.0,Matches,6a52a6c6
397,Bouna Sarr,sn SEN,FW,Bayern Munich,31-097,1992,0.0,0,0,0,,0.00,0.00,,,,0,0,0,0.0,0.0,,0.0,0.0,Matches,1a4b9094
398,Joe Scally,us USA,DF,M'Gladbach,20-128,2002,24.5,0,7,1,14.3,0.29,0.04,0.00,0.00,17.6,0,0,0,0.5,0.5,0.07,-0.5,-0.5,Matches,236f02cd
399,Kevin Schade,de GER,FWMF,Freiburg,21-162,2001,2.0,1,4,1,25.0,1.98,0.49,0.25,1.00,15.0,0,0,0,0.2,0.2,0.06,+0.8,+0.8,Matches,52afb588
400,András Schäfer,hu HUN,MF,Union Berlin,24-025,1999,8.9,0,6,1,16.7,0.68,0.11,0.00,0.00,22.6,0,0,0,0.4,0.4,0.07,-0.4,-0.4,Matches,049751d7
401,Derry Scherhant,de GER,FWMF,Hertha BSC,20-179,2002,2.7,1,4,1,25.0,1.50,0.37,0.25,1.00,15.9,0,0,0,0.2,0.2,0.05,+0.8,+0.8,Matches,93cba339
402,Patrik Schick,cz CZE,FW,Leverkusen,27-104,1996,10.5,3,34,14,41.2,3.25,1.34,0.09,0.21,12.8,1,0,0,4.6,4.6,0.14,-1.6,-1.6,Matches,5d4f7d61
403,Kingsley Schindler,gh GHA,DFMF,Köln,29-300,1993,10.9,0,9,3,33.3,0.83,0.28,0.00,0.00,13.3,0,0,0,1.7,1.7,0.19,-1.7,-1.7,Matches,bd527260
404,Xaver Schlager,at AUT,MF,RB Leipzig,25-222,1997,16.3,1,5,1,20.0,0.31,0.06,0.20,1.00,23.6,0,0,0,0.3,0.3,0.06,+0.7,+0.7,Matches,8f056768
405,Keven Schlotterbeck,de GER,DF,Freiburg,26-010,1997,0.2,0,0,0,,0.00,0.00,,,,0,0,0,0.0,0.0,,0.0,0.0,Matches,f6bdc830
406,Keven Schlotterbeck,de GER,DF,Bochum,26-010,1997,7.6,1,6,3,50.0,0.78,0.39,0.17,0.33,11.3,0,0,0,1.3,1.3,0.22,-0.3,-0.3,Matches,f6bdc830
407,Nico Schlotterbeck,de GER,DF,Dortmund,23-158,1999,25.0,4,18,6,33.3,0.72,0.24,0.22,0.67,16.9,0,0,0,1.6,1.6,0.09,+2.4,+2.4,Matches,34e12499
408,Jonathan Schmid,fr FRA,DF,Freiburg,32-320,1990,0.4,0,1,1,100.0,2.25,2.25,0.00,0.00,13.9,0,0,0,0.3,0.3,0.30,-0.3,-0.3,Matches,088ca1bd
409,Romano Schmid,at AUT,MFFW,Werder Bremen,23-101,2000,14.4,0,14,2,14.3,0.97,0.14,0.00,0.00,24.1,0,0,0,0.6,0.6,0.04,-0.6,-0.6,Matches,220ace7e
410,Kenneth Schmidt,de GER,DF,Freiburg,20-339,2002,0.7,0,0,0,,0.00,0.00,,,,0,0,0,0.0,0.0,,0.0,0.0,Matches,7d31f1cb
411,Niklas Schmidt,de GER,MF,Werder Bremen,25-068,1998,11.2,3,18,9,50.0,1.61,0.81,0.17,0.33,21.1,2,0,0,1.5,1.5,0.08,+1.5,+1.5,Matches,b9ae8560
412,Benno Schmitz,de GER,DF,Köln,28-172,1994,25.4,1,9,2,22.2,0.35,0.08,0.11,0.50,19.4,0,0,0,0.4,0.4,0.04,+0.6,+0.6,Matches,ad00b1a8
413,Marvin Schwäbe,de GER,GK,Köln,28-013,1995,31.0,0,0,0,,0.00,0.00,,,,0,0,0,0.0,0.0,,0.0,0.0,Matches,87436846
414,Alexander Schwolow,de GER,GK,Schalke 04,30-340,1992,20.6,0,1,0,0.0,0.05,0.00,0.00,,5.5,0,0,0,0.1,0.1,0.08,-0.1,-0.1,Matches,0d55d942
415,Paul Seguin,de GER,MF,Union Berlin,28-040,1995,7.4,1,15,4,26.7,2.04,0.54,0.07,0.25,23.1,0,0,0,1.2,1.2,0.08,-0.2,-0.2,Matches,8872ed17
416,Davie Selke,de GER,FW,Hertha BSC,28-108,1995,3.1,1,5,3,60.0,1.60,0.96,0.00,0.00,17.6,0,1,1,1.2,0.4,0.08,-0.2,-0.4,Matches,1238a3f9
417,Davie Selke,de GER,FW,Köln,28-108,1995,8.4,4,22,12,54.5,2.62,1.43,0.18,0.33,12.3,0,0,0,2.5,2.5,0.11,+1.5,+1.5,Matches,1238a3f9
418,Suat Serdar,de GER,MF,Hertha BSC,26-027,1997,20.7,4,23,7,30.4,1.11,0.34,0.17,0.57,19.3,0,0,0,1.9,1.9,0.08,+2.1,+2.1,Matches,b3325a30
419,Kiliann Sildillia,fr FRA,DFMF,Freiburg,20-357,2002,21.4,0,10,0,0.0,0.47,0.00,0.00,,19.3,0,0,0,0.8,0.8,0.08,-0.8,-0.8,Matches,313254a3
420,André Silva,pt POR,FW,RB Leipzig,27-183,1995,18.6,4,60,22,36.7,3.23,1.19,0.07,0.18,13.5,0,0,0,9.2,9.2,0.15,-5.2,-5.2,Matches,3effaa34
421,Mohamed Simakan,fr FRA,DF,RB Leipzig,23-005,2000,13.7,1,11,3,27.3,0.81,0.22,0.09,0.33,12.2,0,0,0,1.6,1.6,0.14,-0.6,-0.6,Matches,fcb27134
422,Daley Sinkgraven,nl NED,DFMF,Leverkusen,27-308,1995,3.8,0,4,1,25.0,1.05,0.26,0.00,0.00,18.9,0,0,0,0.2,0.2,0.04,-0.2,-0.2,Matches,73000a79
423,Tobias Sippel,de GER,GK,M'Gladbach,35-047,1988,5.7,0,0,0,,0.00,0.00,,,,0,0,0,0.0,0.0,,0.0,0.0,Matches,0d8a37c2
424,Hugo Siquet,be BEL,DF,Freiburg,20-303,2002,0.2,0,0,0,,0.00,0.00,,,,0,0,0,0.0,0.0,,0.0,0.0,Matches,c6cf860f
425,Tim Skarke,de GER,DFMF,Union Berlin,26-243,1996,0.6,0,4,2,50.0,6.79,3.40,0.00,0.00,22.6,0,0,0,0.2,0.2,0.06,-0.2,-0.2,Matches,65857fdf
426,Tim Skarke,de GER,FWMF,Schalke 04,26-243,1996,4.0,1,11,4,36.4,2.76,1.00,0.09,0.25,23.7,1,0,0,0.5,0.5,0.05,+0.5,+0.5,Matches,65857fdf
427,Ellyes Skhiri,tn TUN,MF,Köln,27-363,1995,28.7,6,27,8,29.6,0.94,0.28,0.22,0.75,15.0,0,0,0,4.6,4.6,0.17,+1.4,+1.4,Matches,c2211709
428,Robert Skov,dk DEN,DF,Hoffenheim,26-353,1996,14.2,3,39,12,30.8,2.75,0.85,0.03,0.08,22.5,8,2,2,3.4,1.8,0.05,-0.4,-0.8,Matches,ff98492b
429,Hrvoje Smolčić,hr CRO,DF,Eint Frankfurt,22-264,2000,5.2,0,3,0,0.0,0.57,0.00,0.00,,12.7,0,0,0,0.2,0.2,0.06,-0.2,-0.2,Matches,c967f6b8
430,Danilo Soares,br BRA,DF,Bochum,31-191,1991,19.6,0,2,0,0.0,0.10,0.00,0.00,,29.1,0,0,0,0.0,0.0,0.01,0.0,0.0,Matches,c05f2f8c
431,Nikola Soldo,hr CRO,DF,Köln,22-103,2001,6.6,0,6,0,0.0,0.91,0.00,0.00,,15.2,0,0,0,0.6,0.6,0.11,-0.6,-0.6,Matches,4f627629
432,Yann Sommer,ch SUI,GK,Bayern Munich,34-142,1988,16.0,0,0,0,,0.00,0.00,,,,0,0,0,0.0,0.0,,0.0,0.0,Matches,420c18a1
433,Yann Sommer,ch SUI,GK,M'Gladbach,34-142,1988,10.0,0,0,0,,0.00,0.00,,,,0,0,0,0.0,0.0,,0.0,0.0,Matches,420c18a1
434,Borna Sosa,hr CRO,DF,Stuttgart,25-107,1998,19.7,2,14,6,42.9,0.71,0.30,0.14,0.33,20.7,5,0,0,0.9,0.9,0.07,+1.1,+1.1,Matches,af0d79a9
435,Djibril Sow,ch SUI,MF,Eint Frankfurt,26-091,1997,26.5,4,25,9,36.0,0.94,0.34,0.16,0.44,24.4,0,0,0,1.6,1.6,0.06,+2.4,+2.4,Matches,4c6facae
436,Anton Stach,de GER,MF,Mainz 05,24-174,1998,20.2,1,32,9,28.1,1.58,0.44,0.03,0.11,22.5,3,0,0,2.0,2.0,0.06,-1.0,-1.0,Matches,0f59a7bf
437,Kostas Stafylidis,gr GRE,DFMF,Bochum,29-157,1993,11.2,0,13,1,7.7,1.16,0.09,0.00,0.00,29.5,1,0,0,0.3,0.3,0.03,-0.3,-0.3,Matches,861e0116
438,Jens Stage,dk DEN,MF,Werder Bremen,26-181,1996,18.6,3,18,6,33.3,0.97,0.32,0.17,0.50,12.5,0,0,0,2.6,2.6,0.14,+0.4,+0.4,Matches,1fffae99
439,Veit Stange,de GER,MF,Hertha BSC,19-089,2004,0.1,0,0,0,,0.00,0.00,,,,0,0,0,0.0,0.0,,0.0,0.0,Matches,e52d33d0
440,Josip Stanišić,hr CRO,DF,Bayern Munich,23-036,2000,6.4,0,0,0,,0.00,0.00,,,,0,0,0,0.0,0.0,,0.0,0.0,Matches,7ed08d5c
441,Niklas Stark,de GER,DF,Werder Bremen,28-024,1995,20.1,0,3,1,33.3,0.15,0.05,0.00,0.00,10.1,0,0,0,0.2,0.2,0.07,-0.2,-0.2,Matches,aad48be9
442,Pascal Stenzel,de GER,DF,Stuttgart,27-049,1996,3.6,0,2,0,0.0,0.55,0.00,0.00,,17.5,0,0,0,0.0,0.0,0.02,0.0,0.0,Matches,99f7e9aa
443,Angelo Stiller,de GER,MF,Hoffenheim,22-034,2001,7.4,1,7,3,42.9,0.94,0.40,0.14,0.33,22.1,0,0,0,0.3,0.3,0.04,+0.7,+0.7,Matches,3b1ed320
444,Lars Stindl,de GER,FWMF,M'Gladbach,34-255,1988,17.9,6,43,18,41.9,2.41,1.01,0.14,0.33,21.5,2,0,0,3.8,3.8,0.09,+2.2,+2.2,Matches,7cd6badb
445,Kevin Stöger,at AUT,MF,Bochum,29-254,1993,26.3,4,41,9,22.0,1.56,0.34,0.02,0.11,25.4,7,3,3,4.3,1.9,0.05,-0.3,-0.9,Matches,e5649a78
446,Niklas Süle,de GER,DF,Dortmund,27-247,1995,20.5,1,25,5,20.0,1.22,0.24,0.04,0.20,17.0,0,0,0,1.7,1.7,0.07,-0.7,-0.7,Matches,e33c06cf
447,Ivan Šunjić,hr CRO,MF,Hertha BSC,26-211,1996,11.0,0,6,3,50.0,0.54,0.27,0.00,0.00,16.8,0,0,0,0.6,0.6,0.11,-0.6,-0.6,Matches,e18098de
448,Mattias Svanberg,se SWE,MFFW,Wolfsburg,24-123,1999,19.1,4,27,9,33.3,1.41,0.47,0.15,0.44,17.8,4,0,0,3.5,3.5,0.13,+0.5,+0.5,Matches,92d83c27
449,Dominik Szoboszlai,hu HUN,MFFW,RB Leipzig,22-195,2000,24.9,4,51,25,49.0,2.05,1.00,0.08,0.16,23.5,9,0,0,3.7,3.7,0.07,+0.3,+0.3,Matches,934e1968
450,Alexander Sørloth,no NOR,FW,RB Leipzig,27-154,1995,0.1,0,0,0,,0.00,0.00,,,,0,0,0,0.0,0.0,,0.0,0.0,Matches,e92cd3f7
451,Jonathan Tah,de GER,DF,Leverkusen,27-086,1996,24.6,1,10,2,20.0,0.41,0.08,0.10,0.50,9.7,0,0,0,1.1,1.1,0.11,-0.1,-0.1,Matches,bd142efb
452,Edmond Tapsoba,bf BFA,DF,Leverkusen,24-095,1999,28.9,1,11,1,9.1,0.38,0.03,0.00,0.00,16.3,0,1,2,2.3,0.7,0.06,-1.3,-0.7,Matches,a73c8f95
453,Niklas Tauer,de GER,DFMF,Mainz 05,22-080,2001,1.0,0,1,0,0.0,0.97,0.00,0.00,,9.7,0,0,0,0.1,0.1,0.07,-0.1,-0.1,Matches,27270af4
454,Mathys Tel,fr FRA,FW,Bayern Munich,18-011,2005,4.2,4,18,9,50.0,4.30,2.15,0.22,0.44,15.4,0,0,0,2.1,2.1,0.11,+1.9,+1.9,Matches,829aa60c
455,Semir Telalovic,de GER,MFFW,M'Gladbach,23-136,1999,0.1,0,1,1,100.0,9.00,9.00,0.00,0.00,25.0,0,0,0,0.1,0.1,0.07,-0.1,-0.1,Matches,0b45a8d7
456,Simon Terodde,de GER,FW,Schalke 04,35-067,1988,19.4,4,42,18,42.9,2.16,0.93,0.10,0.22,12.4,0,0,1,6.3,5.5,0.13,-2.3,-1.5,Matches,863ff1ee
457,Malick Thiaw,de GER,DF,Schalke 04,21-273,2001,3.0,0,2,1,50.0,0.67,0.33,0.00,0.00,8.8,0,0,0,0.2,0.2,0.12,-0.2,-0.2,Matches,ff5ea0bf
458,Jan Thielmann,de GER,FW,Köln,20-347,2002,8.2,2,12,6,50.0,1.47,0.73,0.17,0.33,18.8,0,0,0,0.8,0.8,0.06,+1.2,+1.2,Matches,fd53759d
459,Morten Thorsby,no NOR,MF,Union Berlin,27-003,1996,8.4,1,8,3,37.5,0.95,0.36,0.13,0.33,14.8,0,0,0,0.6,0.6,0.07,+0.4,+0.4,Matches,d1b49282
460,Marcus Thuram,fr FRA,FW,M'Gladbach,25-275,1997,26.1,13,85,43,50.6,3.25,1.64,0.15,0.30,12.7,0,0,0,15.1,15.1,0.18,-2.1,-2.1,Matches,6f8cd6d0
461,Steffen Tigges,de GER,FW,Köln,24-281,1998,16.3,5,28,8,28.6,1.72,0.49,0.18,0.63,13.2,0,0,0,3.5,3.5,0.12,+1.5,+1.5,Matches,6b8887c2
462,Umut Tohumcu,de GER,MF,Hoffenheim,18-270,2004,2.7,0,4,0,0.0,1.48,0.00,0.00,,26.2,0,0,0,0.1,0.1,0.03,-0.1,-0.1,Matches,e547d3cf
463,Tiago Tomás,pt POR,FWMF,Stuttgart,20-326,2002,12.6,2,26,10,38.5,2.07,0.80,0.08,0.20,20.7,0,0,0,2.3,2.3,0.09,-0.3,-0.3,Matches,b492126a
464,Almamy Touré,ml MLI,DF,Eint Frankfurt,27-010,1996,2.4,0,2,1,50.0,0.83,0.41,0.00,0.00,7.6,0,0,0,0.5,0.5,0.25,-0.5,-0.5,Matches,c8c60119
465,Lucas Tousart,fr FRA,MF,Hertha BSC,26-009,1997,29.7,3,37,12,32.4,1.25,0.40,0.08,0.25,17.1,0,0,0,2.6,2.6,0.07,+0.4,+0.4,Matches,71ec39ef
466,Kevin Trapp,de GER,GK,Eint Frankfurt,32-304,1990,30.0,0,0,0,,0.00,0.00,,,,0,0,0,0.0,0.0,,0.0,0.0,Matches,ce17b5eb
467,Christopher Trimmel,at AUT,DF,Union Berlin,36-073,1987,17.5,0,12,3,25.0,0.69,0.17,0.00,0.00,17.3,0,0,0,0.6,0.6,0.05,-0.6,-0.6,Matches,056d2d95
468,Tuta,br BRA,DF,Eint Frankfurt,23-308,1999,27.2,1,14,2,14.3,0.51,0.07,0.07,0.50,17.1,0,0,0,1.6,1.6,0.11,-0.6,-0.6,Matches,35d64857
469,Sven Ulreich,de GER,GK,Bayern Munich,34-278,1988,3.0,0,0,0,,0.00,0.00,,,,0,0,0,0.0,0.0,,0.0,0.0,Matches,7d3e7da6
470,Lauren Ulrich,de GER,MF,Stuttgart,18-097,2005,0.1,0,0,0,,0.00,0.00,,,,0,0,0,0.0,0.0,,0.0,0.0,Matches,cd61c7af
471,Dayot Upamecano,fr FRA,DF,Bayern Munich,24-193,1998,25.0,0,7,1,14.3,0.28,0.04,0.00,0.00,9.0,0,0,0,0.7,0.7,0.10,-0.7,-0.7,Matches,d248cd8f
472,Filip Uremović,hr CRO,DF,Hertha BSC,26-086,1997,19.1,0,9,3,33.3,0.47,0.16,0.00,0.00,12.7,0,0,0,0.9,0.9,0.10,-0.9,-0.9,Matches,af842091
473,Jere Uronen,fi FIN,DF,Schalke 04,28-299,1994,6.6,0,4,0,0.0,0.61,0.00,0.00,,33.0,0,0,0,0.1,0.1,0.02,-0.1,-0.1,Matches,d75f3980
474,Mark Uth,de GER,MFFW,Köln,31-257,1991,0.5,0,1,1,100.0,1.96,1.96,0.00,0.00,13.2,0,0,0,0.1,0.1,0.07,-0.1,-0.1,Matches,a3ddb1b9
475,Josha Vagnoman,de GER,DFMF,Stuttgart,22-148,2000,13.7,2,21,5,23.8,1.54,0.37,0.10,0.40,13.7,0,0,0,2.2,2.2,0.10,-0.2,-0.2,Matches,fb377d11
476,Ruben Vargas,ch SUI,MFFW,Augsburg,24-276,1998,12.1,3,19,6,31.6,1.58,0.50,0.16,0.50,20.6,0,0,0,1.0,1.0,0.05,+2.0,+2.0,Matches,6ecbddf6
477,Renato Veiga,pt POR,DF,Augsburg,19-283,2003,5.0,0,6,0,0.0,1.20,0.00,0.00,,26.3,1,0,0,0.2,0.2,0.03,-0.2,-0.2,Matches,fc8fcbd1
478,Miloš Veljković,rs SRB,DF,Werder Bremen,27-224,1995,22.2,1,3,1,33.3,0.14,0.05,0.33,1.00,6.7,0,0,0,0.4,0.4,0.14,+0.6,+0.6,Matches,a5ae8f8e
479,Mickey van de Ven,nl NED,DF,Wolfsburg,22-019,2001,30.0,1,15,1,6.7,0.50,0.03,0.07,1.00,16.7,0,0,0,1.3,1.3,0.09,-0.3,-0.3,Matches,8fe2a392
480,Gabriel Vidovic,hr CRO,FW,Bayern Munich,19-158,2003,0.2,0,0,0,,0.00,0.00,,,,0,0,0,0.0,0.0,,0.0,0.0,Matches,5360a956
481,Kevin Vogt,de GER,DF,Hoffenheim,31-227,1991,19.7,0,0,0,,0.00,0.00,,,,0,0,0,0.0,0.0,,0.0,0.0,Matches,1d8e9add
482,Aster Vranckx,be BEL,MF,Wolfsburg,20-216,2002,0.1,0,0,0,,0.00,0.00,,,,0,0,0,0.0,0.0,,0.0,0.0,Matches,f86cd5df
483,Robert Wagner,de GER,MF,Freiburg,19-298,2003,0.3,0,2,0,0.0,6.43,0.00,0.00,,17.2,0,0,0,0.2,0.2,0.12,-0.2,-0.2,Matches,e3d3fbeb
484,Luca Waldschmidt,de GER,FWMF,Wolfsburg,26-354,1996,4.9,3,7,3,42.9,1.42,0.61,0.29,0.67,12.9,0,1,1,2.7,1.1,0.16,+0.3,+0.9,Matches,e5a35ae9
485,Paul Wanner,de GER,MF,Bayern Munich,17-136,2005,0.3,0,0,0,,0.00,0.00,,,,0,0,0,0.0,0.0,,0.0,0.0,Matches,cb64672e
486,Julian Weigl,de GER,MF,M'Gladbach,27-242,1995,18.0,1,7,0,0.0,0.39,0.00,0.00,,16.7,0,1,1,1.1,0.3,0.04,-0.1,-0.3,Matches,346d51d9
487,Nelson Weiper,de GER,DFFW,Mainz 05,18-052,2005,0.9,2,5,4,80.0,5.36,4.29,0.40,0.50,7.3,0,0,0,1.7,1.7,0.33,+0.3,+0.3,Matches,231c67ff
488,Mitchell Weiser,de GER,DFFW,Werder Bremen,29-017,1994,26.4,2,28,8,28.6,1.06,0.30,0.07,0.25,17.9,0,0,0,2.6,2.6,0.09,-0.6,-0.6,Matches,30c220c3
489,Noah Weißhaupt,de GER,MFFW,Freiburg,21-230,2001,2.8,0,2,1,50.0,0.73,0.36,0.00,0.00,14.4,0,0,0,0.2,0.2,0.08,-0.2,-0.2,Matches,dd676a97
490,Marcel Wenig,de GER,MF,Eint Frankfurt,19-004,2004,0.0,0,0,0,,0.00,0.00,,,,0,0,0,0.0,0.0,,0.0,0.0,Matches,1c86aa16
491,Timo Werner,de GER,FWMF,RB Leipzig,27-063,1996,19.9,9,57,23,40.4,2.87,1.16,0.16,0.39,15.1,0,0,0,8.5,8.5,0.15,+0.5,+0.5,Matches,49fe9070
492,Silvan Widmer,ch SUI,DF,Mainz 05,30-064,1993,18.8,2,19,6,31.6,1.01,0.32,0.11,0.33,10.8,0,0,0,2.5,2.5,0.13,-0.5,-0.5,Matches,f68b64fc
493,Patrick Wimmer,at AUT,FWMF,Wolfsburg,21-343,2001,16.2,4,28,13,46.4,1.73,0.80,0.14,0.31,13.2,0,0,0,4.0,4.0,0.15,0.0,0.0,Matches,cb11b429
494,Jonas Wind,dk DEN,FW,Wolfsburg,24-090,1999,11.9,6,23,8,34.8,1.93,0.67,0.26,0.75,13.5,0,0,1,4.0,3.2,0.14,+2.0,+2.8,Matches,2077ae86
495,Frederik Winther,dk DEN,DF,Augsburg,22-124,2001,1.0,0,0,0,,0.00,0.00,,,,0,0,0,0.0,0.0,,0.0,0.0,Matches,a1257b5e
496,Florian Wirtz,de GER,FWMF,Leverkusen,20-005,2003,10.0,1,6,3,50.0,0.60,0.30,0.17,0.33,17.4,0,0,0,0.7,0.7,0.12,+0.3,+0.3,Matches,e7fcf289
497,Hannes Wolf,at AUT,FW,M'Gladbach,24-022,1999,4.3,1,6,3,50.0,1.41,0.70,0.17,0.33,11.6,0,0,0,1.3,1.3,0.22,-0.3,-0.3,Matches,be42a291
498,Marius Wolf,de GER,DF,Dortmund,27-346,1995,14.9,1,21,5,23.8,1.41,0.33,0.05,0.20,19.1,0,0,0,1.1,1.1,0.05,-0.1,-0.1,Matches,fa661778
499,Jeong Woo-yeong,kr KOR,MFFW,Freiburg,23-230,1999,7.1,1,13,4,30.8,1.82,0.56,0.08,0.25,16.6,0,0,0,2.1,2.1,0.16,-1.1,-1.1,Matches,6190474d
500,Kelvin Yeboah,it ITA,FWMF,Augsburg,23-002,2000,3.0,0,9,1,11.1,3.02,0.34,0.00,0.00,13.9,0,0,0,0.8,0.8,0.09,-0.8,-0.8,Matches,ea0893d6
501,Maya Yoshida,jp JPN,DF,Schalke 04,34-257,1988,27.9,0,12,2,16.7,0.43,0.07,0.00,0.00,13.9,0,0,0,1.0,1.0,0.08,-1.0,-1.0,Matches,caffaf5a
502,Dan-Axel Zagadou,fr FRA,DF,Stuttgart,23-339,1999,12.3,0,13,3,23.1,1.05,0.24,0.00,0.00,11.1,0,0,0,1.7,1.7,0.13,-1.7,-1.7,Matches,a4effc55
503,Rodrigo Zalazar,uy URU,MFFW,Schalke 04,23-269,1999,13.2,1,34,12,35.3,2.57,0.91,0.03,0.08,22.5,9,0,0,2.8,2.8,0.08,-1.8,-1.8,Matches,fc3697dd
504,Aaron Zehnter,de GER,DF,Augsburg,18-189,2004,0.0,0,0,0,,0.00,0.00,,,,0,0,0,0.0,0.0,,0.0,0.0,Matches,65bf7e2b
505,Robin Zentner,de GER,GK,Mainz 05,28-192,1994,25.0,0,0,0,,0.00,0.00,,,,0,0,0,0.0,0.0,,0.0,0.0,Matches,5c4bf6ba
506,Michael Zetterer,de GER,GK,Werder Bremen,27-300,1995,1.7,0,0,0,,0.00,0.00,,,,0,0,0,0.0,0.0,,0.0,0.0,Matches,9b688ae1
507,Simon Zoller,de GER,FWMF,Bochum,31-316,1991,15.8,3,30,9,30.0,1.90,0.57,0.10,0.33,12.6,0,0,0,4.1,4.1,0.14,-1.1,-1.1,Matches,29f7cfd9